Trust Code,Trust Name,Commissioning Region,Trust Type,Number of sites - General acute hospital (No.),Number of sites - Specialist hospital (acute only) (No.),Number of sites - Mixed service hospital (No.),Number of sites - Mental Health (including Specialist services) (No.),Number of sites - Learning Disabilities (No.),Number of sites - Mental Health and Learning Disabilities (No.),Number of sites - Community hospital (with inpatient beds) (No.),Number of sites - Other inpatient (No.),Number of sites - Non inpatient (No.),Number of sites - Support facilities (No.),Number of sites - Unoccupied (No.),Total number of sites (No.),Sites included above that are unreported (No.),Sites leased from NHS Property Services (No.),Sites occupied without charges (No.),Estates Development Strategy (Yes/No),Energy managers (WTE),Does the trust have a waste reuse scheme (Yes/No),Waste re-use scheme - Cost savings (£),Waste re-use scheme - Carbon savings (CO2e (tonnes)),Waste managers (WTE),WEEE waste cost (£),WEEE waste volume (Tonnes),Estates and Facilities staff employed by an NHS wholly owned subsidiary company (WTE),Estates and facilities staff enrolled on an apprenticeship programme (No.),Capital investment for new build (£),Capital investment for changing/improving existing buildings (£),Capital investment for maintaining (lifecycle) existing buildings (£),Capital investment for equipment (£),Private sector funding investment (£),Public sector funding investment (£),Charity and/or grant investment (£),Number of energy efficient schemes (No),Energy efficient schemes costs (£),Carbon savings from investment in energy efficient schemes (CO2e (tonnes)),Contribution to costs from areas leased out for retail sales (£),Contribution to costs from non NHS organisations (£),Contribution to costs from NHS organisations (£),Contribution to costs from local authorities (£),Income from car parking - patients and visitors (£),Income from car parking - staff (£),Total contributions (£),Fires recorded (No.),False alarms - No call out (No.),False alarms - Call out (No.),Deaths resulting from fires (No.),Injuries resulting from fires (No.),Patients sustaining injuries during evacuation (No.),Medical Records cost - Onsite (£),Medical Records cost - Offsite (£),Type of Medical Records (Select),Medical Records service provision (Select)
R0A,MANCHESTER UNIVERSITY NHS FOUNDATION TRUST,NORTH WEST COMMISSIONING REGION,ACUTE - TEACHING,4,4,1,4,0,0,0,1,75,16.0,0.0,105.0,36,35,0.0,Yes,1.5,Yes,4141,85.90,5.0,44501.0,79.16,0.0,30.0,31964018.0,14731044.0,6605112.0,0.0,0.0,52584329.0,715845.0,0.0,N/A,N/A,-166270,-142525.0,0.0,0.0,-3401999,-2261209,-5972003.0,6.0,0.0,496.0,0.0,0.0,0,5557232,524104,3. Mixed,Internal
R0B,SOUTH TYNESIDE AND SUNDERLAND NHS FOUNDATION TRUST,NORTH EAST AND YORKSHIRE COMMISSIONING REGION,ACUTE - LARGE,2,1,0,1,0,2,0,2,31,2.0,1.0,42.0,12,33,0.0,No,1.0,Yes,8225,1.10,1.25,650.0,25.77,729.75,0.0,0.0,13306326.0,6813125.0,169000.0,0.0,20027451.0,261000.0,0.0,N/A,N/A,76942,-393570.0,-444775.0,0.0,-1529823,-756582,-3047808.0,3.0,74.0,57.0,0.0,0.0,0,1154972,528858,3. Mixed,Hybrid
R0D,UNIVERSITY HOSPITALS DORSET NHS FOUNDATION TRUST,SOUTH WEST COMMISSIONING REGION,ACUTE - TEACHING,2,0,0,0,0,0,0,1,0,1.0,0.0,4.0,0,0,0.0,Yes,1.0,No,N/A,N/A,1.0,4206.0,8.0,0.0,2.0,66711236.0,15935653.0,3410857.0,2447814.0,0.0,88255560.0,250000.0,1.0,642139,31.00,-436257,-5082242.0,-121212.0,0.0,-1250851,-1113243,-8003805.0,1.0,101.0,12.0,0.0,0.0,0,1318124,227047,3. Mixed,Hybrid
R1A,HEREFORDSHIRE AND WORCESTERSHIRE HEALTH AND CARE NHS TRUST,MIDLANDS COMMISSIONING REGION,COMMUNITY,0,0,1,6,1,0,6,2,75,2.0,0.0,93.0,45,1,19.0,Yes,0.5,No,N/A,N/A,1.0,749.0,2.41,0.0,3.0,4007751.0,7875084.0,459908.0,622532.0,0.0,12374275.0,591000.0,1.0,591000,0.00,0,-116440.0,-88184.0,-25470.0,0,0,-230094.0,1.0,33.0,25.0,0.0,0.0,0,187229,123636,3. Mixed,Hybrid
R1C,SOLENT NHS TRUST,SOUTH EAST COMMISSIONING REGION,COMMUNITY,0,0,0,3,0,0,3,2,49,16.0,1.0,74.0,29,20,9.0,Yes,0.5,Yes,23155,10.50,0.5,15795.0,17.02,0.0,8.0,11465000.0,3312000.0,2377000.0,47000.0,0.0,17201000.0,0.0,1.0,789000,194.88,0,-77450.0,-4431504.0,0.0,-270300,0,-4779254.0,0.0,44.0,7.0,0.0,0.0,0,31174,62480,3. Mixed,Hybrid
R1D,SHROPSHIRE COMMUNITY HEALTH NHS TRUST,MIDLANDS COMMISSIONING REGION,COMMUNITY,0,0,0,0,0,0,3,0,68,7.0,1.0,79.0,35,10,0.0,Yes,0.0,No,N/A,N/A,0.0,0.0,0.0,0.0,1.0,0.0,1645000.0,57000.0,91000.0,0.0,1793000.0,0.0,1.0,16223,4.18,0,0.0,0.0,0.0,0,0,0.0,0.0,8.0,4.0,0.0,0.0,0,22629,70135,3. Mixed,Hybrid
R1F,ISLE OF WIGHT NHS TRUST,SOUTH EAST COMMISSIONING REGION,ACUTE - MULTI-SERVICE,0,0,1,6,0,0,0,0,2,4.0,1.0,14.0,2,0,0.0,Yes,0.0,No,N/A,N/A,0.4,32100.0,24.93,0.0,5.0,4642777.0,19919419.0,597160.0,49885.0,0.0,25209241.0,0.0,0.0,N/A,N/A,-111068,-482764.0,-153760.0,-30000.0,-420240,-175018,-1372850.0,1.0,21.0,35.0,0.0,0.0,0,123683,1398640,3. Mixed,Internal
R1H,BARTS HEALTH NHS TRUST,LONDON COMMISSIONING REGION,ACUTE - TEACHING,3,0,1,0,0,0,0,0,26,2.0,1.0,33.0,12,10,0.0,No,1.0,Yes,64610,30.08,1.0,25823.0,7.48,0.0,0.0,42164000.0,9809000.0,12649000.0,33000000.0,0.0,93304000.0,4318000.0,0.0,N/A,N/A,-1319001,-4915579.0,-7550422.0,0.0,0,0,-13785002.0,2.0,188.0,2.0,0.0,0.0,0,5653431,3011887,3. Mixed,Hybrid
R1K,LONDON NORTH WEST UNIVERSITY HEALTHCARE NHS TRUST,LONDON COMMISSIONING REGION,ACUTE - TEACHING,3,0,3,0,0,0,0,0,8,0.0,0.0,14.0,0,6,0.0,Yes,1.0,Yes,7294,5.50,1.0,79350.0,21.16,0.0,0.0,61779358.0,8646493.0,3743873.0,3188263.0,2438194.0,74878793.0,41000.0,1.0,739028,0.00,-243615,0.0,0.0,0.0,-1932366,-691662,-2867643.0,2.0,430.0,0.0,0.0,0.0,0,2404796,795716,3. Mixed,Hybrid
R1L,ESSEX PARTNERSHIP UNIVERSITY NHS FOUNDATION TRUST,EAST OF ENGLAND COMMISSIONING REGION,MENTAL HEALTH AND LEARNING DISABILITY,0,0,12,14,3,2,4,10,80,10.0,1.0,136.0,15,35,10.0,Yes,0.0,Yes,1824,13.41,1.0,0.0,19.34,0.0,2.0,0.0,5703673.0,901668.0,0.0,0.0,6605341.0,0.0,0.0,N/A,N/A,0,541755.0,353195.0,0.0,0,0,894950.0,1.0,11.0,3.0,0.0,0.0,0,17040,375577,3. Mixed,Internal
RA2,ROYAL SURREY COUNTY HOSPITAL NHS FOUNDATION TRUST,SOUTH EAST COMMISSIONING REGION,ACUTE - MEDIUM,1,0,0,0,0,0,2,0,5,2.0,0.0,10.0,0,6,0.0,Yes,0.5,No,N/A,N/A,1.0,19211.0,19.04,0.0,0.0,15953479.0,9342736.0,2654449.0,0.0,0.0,27921864.0,28800.0,17.0,109163,26.87,-350997,-109755.0,0.0,0.0,-1129072,-463138,-2052962.0,0.0,30.0,2.0,0.0,0.0,0,1204000,287125,3. Mixed,Internal
RA7,UNIVERSITY HOSPITALS BRISTOL AND WESTON NHS FOUNDATION TRUST,SOUTH WEST COMMISSIONING REGION,ACUTE - TEACHING,2,0,0,0,0,0,1,0,2,0.0,0.0,5.0,0,0,0.0,Yes,1.0,Yes,65622,34.50,2.0,5691.0,53.7,0.0,23.0,1792000.0,14689000.0,5398000.0,2348000.0,0.0,23601000.0,626000.0,0.0,N/A,N/A,-32600,0.0,0.0,0.0,-947553,-298375,-1278528.0,0.0,161.0,1.0,0.0,0.0,0,3180721,253013,3. Mixed,Internal
RA9,TORBAY AND SOUTH DEVON NHS FOUNDATION TRUST,SOUTH WEST COMMISSIONING REGION,ACUTE - MULTI-SERVICE,1,0,0,0,1,0,4,0,21,2.0,1.0,30.0,8,0,1.0,Yes,0.1,Yes,15803,213.64,1.0,424.0,6.42,0.0,1.0,22424000.0,190000.0,8630000.0,5269000.0,0.0,36513000.0,0.0,0.0,N/A,N/A,-216046,-560882.0,-6313.0,-15.0,-1011409,-259419,-2054084.0,3.0,93.0,3.0,0.0,0.0,0,2371652,49464,3. Mixed,Internal
RAE,BRADFORD TEACHING HOSPITALS NHS FOUNDATION TRUST,NORTH EAST AND YORKSHIRE COMMISSIONING REGION,ACUTE - TEACHING,1,0,1,0,0,0,2,0,11,2.0,0.0,17.0,5,8,1.0,No,1.0,No,N/A,N/A,0.6,0.0,5.05,0.0,6.0,15536000.0,11968070.0,3901930.0,98493.0,0.0,31504493.0,0.0,3.0,78085,17.58,-429688,-397040.0,-2082.0,0.0,-683801,-488410,-2001021.0,3.0,113.0,0.0,0.0,0.0,0,96160,245543,3. Mixed,Internal
RAJ,MID AND SOUTH ESSEX NHS FOUNDATION TRUST,EAST OF ENGLAND COMMISSIONING REGION,ACUTE - LARGE,3,0,0,0,0,0,3,0,8,2.0,0.0,16.0,0,2,0.0,Yes,0.0,Yes,9829,4.00,1.0,0.0,0.0,0.0,12.0,17698537.0,18769163.0,5693943.0,0.0,1567187.0,40594456.0,0.0,0.0,N/A,N/A,-204604,-1209936.0,-896654.0,0.0,-3427153,-5495,-5743842.0,5.0,387.0,95.0,0.0,0.0,0,4001479,419000,3. Mixed,Internal
RAL,ROYAL FREE LONDON NHS FOUNDATION TRUST,LONDON COMMISSIONING REGION,ACUTE - TEACHING,3,0,0,0,0,0,1,0,62,5.0,0.0,71.0,46,1,0.0,No,2.0,Yes,10351,4.26,1.0,11139.0,25.57,123.0,7.0,6067000.0,25740000.0,0.0,26237000.0,0.0,58044000.0,0.0,0.0,N/A,N/A,-1344539,-10569173.0,-5781323.0,-256031.0,-2330553,-597992,-20879611.0,2.0,167.0,58.0,0.0,0.0,0,680782,269025,3. Mixed,Hybrid
RAN,ROYAL NATIONAL ORTHOPAEDIC HOSPITAL NHS TRUST,LONDON COMMISSIONING REGION,ACUTE - SPECIALIST,0,2,0,0,0,0,0,0,0,0.0,0.0,2.0,0,0,0.0,Yes,0.0,No,N/A,N/A,0.5,0.0,0.0,0.0,0.0,7322000.0,3280000.0,0.0,0.0,0.0,10532000.0,70000.0,1.0,350000,0.00,0,0.0,0.0,0.0,0,0,0.0,2.0,67.0,1.0,0.0,0.0,0,256927,72951,3. Mixed,Hybrid
RAP,NORTH MIDDLESEX UNIVERSITY HOSPITAL NHS TRUST,LONDON COMMISSIONING REGION,ACUTE - TEACHING,1,0,0,0,0,0,1,1,19,0.0,0.0,22.0,19,0,0.0,No,1.0,Yes,32430,16.60,1.0,480.0,2.0,0.0,1.0,0.0,6319000.0,1200000.0,5712000.0,0.0,13231000.0,0.0,0.0,N/A,N/A,0,-1202403.0,-364036.0,0.0,-991638,-171251,-2729328.0,1.0,63.0,2.0,0.0,0.0,0,1645496,349097,3. Mixed,Hybrid
RAS,THE HILLINGDON HOSPITALS NHS FOUNDATION TRUST,LONDON COMMISSIONING REGION,ACUTE - SMALL,2,0,0,0,0,0,0,0,0,0.0,0.0,2.0,0,0,0.0,Yes,0.0,Yes,15000,1.05,0.5,3675.0,3.85,0.0,4.0,6473794.0,4268631.0,3803778.0,0.0,0.0,14546203.0,0.0,0.0,N/A,N/A,0,0.0,0.0,0.0,-1217063,-849571,-2066634.0,0.0,11.0,3.0,0.0,0.0,0,623320,461956,3. Mixed,Internal
RAT,NORTH EAST LONDON NHS FOUNDATION TRUST,LONDON COMMISSIONING REGION,MENTAL HEALTH AND LEARNING DISABILITY,0,0,11,32,6,1,4,0,119,13.0,1.0,187.0,19,21,14.0,Yes,0.0,No,N/A,N/A,0.0,784.0,0.3,0.0,1.0,22047272.0,247323.0,1659758.0,0.0,0.0,23954353.0,0.0,0.0,N/A,N/A,0,0.0,0.0,0.0,0,0,0.0,9.0,15.0,7.0,0.0,0.0,0,12168,71288,3. Mixed,Internal
RAX,KINGSTON HOSPITAL NHS FOUNDATION TRUST,LONDON COMMISSIONING REGION,ACUTE - MEDIUM,1,0,0,0,0,0,0,0,11,0.0,0.0,12.0,11,0,0.0,No,1.0,No,N/A,N/A,0.0,10473.0,8.0,0.0,0.0,11498000.0,11616000.0,0.0,4521000.0,0.0,23680258.0,3954742.0,1.0,2653000,0.00,-168808,-254888.0,-1042461.0,0.0,-1137184,-121452,-2724793.0,5.0,58.0,5.0,0.0,0.0,0,2416221,206922,3. Mixed,Internal
RBD,DORSET COUNTY HOSPITAL NHS FOUNDATION TRUST,SOUTH WEST COMMISSIONING REGION,ACUTE - SMALL,1,0,0,0,0,0,0,0,5,12.0,0.0,18.0,0,0,0.0,Yes,0.0,Yes,111422,1.89,0.0,4982.0,6.86,0.0,2.0,6716343.0,10555712.0,646432.0,299518.0,0.0,18110043.0,107962.0,2.0,188194,41.81,-128759,-4299.0,-231373.0,0.0,-317129,0,-681560.0,1.0,72.0,0.0,0.0,0.0,0,810265,72134,3. Mixed,Internal
RBK,WALSALL HEALTHCARE NHS TRUST,MIDLANDS COMMISSIONING REGION,ACUTE - SMALL,1,0,0,0,0,0,0,1,18,0.0,0.0,20.0,1,16,1.0,Yes,0.1,No,N/A,N/A,1.0,1000.0,0.65,0.0,1.0,2310976.0,11961684.0,1705691.0,0.0,1514000.0,7795351.0,6669000.0,0.0,N/A,N/A,0,0.0,0.0,0.0,-1324944,0,-1324944.0,3.0,72.0,0.0,0.0,0.0,0,1358128,442836,3. Mixed,Hybrid
RBL,WIRRAL UNIVERSITY TEACHING HOSPITAL NHS FOUNDATION TRUST,NORTH WEST COMMISSIONING REGION,ACUTE - TEACHING,2,0,0,0,0,0,0,0,3,2.0,0.0,7.0,0,0,0.0,Yes,0.0,Yes,0,0.00,1.0,0.0,3.78,0.0,10.0,11093000.0,0.0,4121000.0,0.0,0.0,15197000.0,17000.0,0.0,N/A,N/A,-87445,-680247.0,-3149203.0,0.0,-1087251,-796462,-5800608.0,1.0,102.0,18.0,0.0,1.0,0,235685,45959,3. Mixed,Internal
RBN,MERSEY AND WEST LANCASHIRE TEACHING HOSPITALS NHS TRUST,NORTH WEST COMMISSIONING REGION,ACUTE - TEACHING,4,0,0,0,0,0,1,0,11,1.0,0.0,17.0,0,2,0.0,Yes,2.0,Yes,10693,500.00,2.0,6970.0,14.0,0.0,0.0,4490000.0,7974448.0,15899974.0,472533.0,0.0,28695638.0,141317.0,0.0,N/A,N/A,0,0.0,0.0,0.0,-1993055,-1031732,-3024787.0,2.0,125.0,0.0,0.0,0.0,0,529095,61934,3. Mixed,Internal
RBQ,LIVERPOOL HEART AND CHEST HOSPITAL NHS FOUNDATION TRUST,NORTH WEST COMMISSIONING REGION,ACUTE - SPECIALIST,0,1,0,0,0,0,0,0,0,0.0,0.0,1.0,0,0,0.0,Yes,0.0,No,N/A,N/A,0.0,1338.0,0.76,0.0,3.0,0.0,4043994.0,442275.0,2293626.0,0.0,6779895.0,0.0,2.0,447890,1.41,0,0.0,0.0,0.0,0,-285151,-285151.0,0.0,38.0,0.0,0.0,0.0,0,0,47344,3. Mixed,Internal
RBS,ALDER HEY CHILDRENS NHS FOUNDATION TRUST,NORTH WEST COMMISSIONING REGION,ACUTE - SPECIALIST,0,0,1,0,0,1,0,0,2,7.0,1.0,12.0,0,2,0.0,No,1.0,No,N/A,N/A,0.0,0.0,0.0,0.0,2.0,8250065.0,9738019.0,0.0,0.0,0.0,17988084.0,0.0,0.0,N/A,N/A,0,-1794419.0,0.0,0.0,-576449,-495830,-2866698.0,0.0,37.0,0.0,0.0,0.0,0,438695,95580,3. Mixed,Internal
RBT,THE MID CHESHIRE HOSPITALS NHS FOUNDATION TRUST,NORTH WEST COMMISSIONING REGION,ACUTE - SMALL,1,0,0,0,0,0,0,1,17,0.0,0.0,19.0,6,16,0.0,Yes,1.0,Yes,1132,3.77,1.0,850.0,7.0,0.0,3.0,23269000.0,1171000.0,32130000.0,2154000.0,0.0,58724000.0,0.0,6.0,469000,275.00,0,-469506.0,-30051.0,0.0,-784543,-533737,-1817837.0,1.0,51.0,17.0,0.0,1.0,0,946502,209547,3. Mixed,Hybrid
RBV,THE CHRISTIE NHS FOUNDATION TRUST,NORTH WEST COMMISSIONING REGION,ACUTE - SPECIALIST,0,1,0,0,0,0,0,0,0,0.0,0.0,1.0,0,0,0.0,Yes,1.0,Yes,9738,3.50,1.0,840.0,1.13,0.0,6.0,0.0,13854087.0,1542536.0,89021.0,0.0,15479827.0,5817.0,0.0,N/A,N/A,-178165,-1551479.0,-730833.0,0.0,-128208,-241438,-2830123.0,0.0,55.0,55.0,0.0,0.0,0,221608,80589,3. Mixed,Internal
RC9,BEDFORDSHIRE HOSPITALS NHS FOUNDATION TRUST,EAST OF ENGLAND COMMISSIONING REGION,ACUTE - MEDIUM,2,0,0,0,0,0,1,0,10,3.0,0.0,16.0,7,7,0.0,Yes,0.5,No,N/A,N/A,0.5,3630.0,71.0,0.0,0.0,62152311.0,17661622.0,3327635.0,12948748.0,0.0,94213066.0,1877250.0,10.0,2310000,500.00,-115126,-1841563.0,-2107528.0,0.0,-2217853,0,-6282070.0,4.0,64.0,103.0,0.0,0.0,0,183411,467887,3. Mixed,Hybrid
RCB,YORK AND SCARBOROUGH TEACHING HOSPITALS NHS FOUNDATION TRUST,NORTH EAST AND YORKSHIRE COMMISSIONING REGION,ACUTE - TEACHING,3,0,0,1,0,0,5,0,18,11.0,1.0,39.0,10,11,4.0,Yes,1.0,Yes,923,0.50,0.6,0.0,21.48,788.4,3.0,31498503.0,1957697.0,3728597.0,512808.0,0.0,37668046.0,29559.0,3.0,2037443,0.00,-127778,-950089.0,-260337.0,-13068.0,-1981870,-234318,-3567460.0,1.0,0.0,80.0,0.0,0.0,0,2383687,127042,3. Mixed,Hybrid
RCD,HARROGATE AND DISTRICT NHS FOUNDATION TRUST,NORTH EAST AND YORKSHIRE COMMISSIONING REGION,ACUTE - SMALL,1,0,0,0,0,0,1,1,125,47.0,0.0,175.0,156,37,0.0,No,0.2,Yes,0,0.00,0.2,3998.0,1.64,288.64,4.0,2452281.0,11632100.0,1080755.0,3046300.0,0.0,18211436.0,0.0,1.0,2646591,0.00,-123111,-202964.0,-166.0,0.0,-736856,-121252,-1184349.0,1.0,17.0,10.0,0.0,0.0,0,257690,192892,3. Mixed,Internal
RCF,AIREDALE NHS FOUNDATION TRUST,NORTH EAST AND YORKSHIRE COMMISSIONING REGION,ACUTE - SMALL,1,0,1,0,0,0,1,0,0,0.0,0.0,3.0,0,2,2.0,Yes,0.0,Yes,1500,5.99,1.0,2480.0,6.76,366.54,3.0,0.0,21227916.0,1221839.0,29231.0,0.0,22478986.0,0.0,0.0,N/A,N/A,-52783,-7700.0,-14709.0,0.0,-1246829,-47277,-1369298.0,1.0,82.0,7.0,0.0,0.0,0,715884,0,3. Mixed,Internal
RCU,SHEFFIELD CHILDRENS NHS FOUNDATION TRUST,NORTH EAST AND YORKSHIRE COMMISSIONING REGION,ACUTE - SPECIALIST,0,1,0,1,0,0,1,0,8,25.0,0.0,36.0,19,2,0.0,Yes,0.5,Yes,5000,1.50,0.5,336.0,2.5,0.0,2.0,522000.0,5225000.0,1015000.0,620000.0,0.0,2937000.0,4445000.0,0.0,N/A,N/A,-215327,0.0,-435273.0,0.0,-20181,-490,-671271.0,2.0,23.0,2.0,0.0,0.0,0,763727,4221,3. Mixed,Internal
RCX,THE QUEEN ELIZABETH HOSPITAL KING'S LYNN NHS FOUNDATION TRUST,EAST OF ENGLAND COMMISSIONING REGION,ACUTE - SMALL,1,0,0,0,0,0,0,0,3,0.0,0.0,4.0,2,0,0.0,Yes,1.0,Yes,20000,22.00,1.0,6510.0,6.0,0.0,3.0,21336670.0,5071178.0,23696527.0,6201717.0,0.0,55554092.0,752000.0,3.0,197573,0.00,-255356,-371707.0,-64638.0,0.0,-832074,0,-1523775.0,3.0,51.0,3.0,0.0,0.0,0,689816,53358,3. Mixed,Internal
RD1,ROYAL UNITED HOSPITALS BATH NHS FOUNDATION TRUST,SOUTH WEST COMMISSIONING REGION,ACUTE - MEDIUM,2,1,0,0,0,0,1,0,14,2.0,0.0,20.0,12,8,0.0,Yes,1.5,Yes,0,0.00,1.0,3130.0,8.82,0.0,4.0,13295393.0,6837785.0,559021.0,226838.0,0.0,20919037.0,0.0,0.0,N/A,N/A,-8278,-327777.0,-23830.0,0.0,-1613416,-14830,-1988131.0,3.0,42.0,0.0,0.0,0.0,0,616771,385470,3. Mixed,Hybrid
RD8,MILTON KEYNES UNIVERSITY HOSPITAL NHS FOUNDATION TRUST,EAST OF ENGLAND COMMISSIONING REGION,ACUTE - TEACHING,1,0,0,0,0,0,0,0,3,2.0,0.0,6.0,1,1,0.0,Yes,0.0,No,N/A,N/A,0.25,6816.0,15.28,0.0,4.0,24002993.0,5091915.0,0.0,143669.0,0.0,20823742.0,8414835.0,2.0,1186592,0.00,0,0.0,0.0,0.0,-1428771,-22784,-1451555.0,3.0,71.0,5.0,0.0,1.0,0,668217,8576,3. Mixed,Hybrid
RDE,EAST SUFFOLK AND NORTH ESSEX NHS FOUNDATION TRUST,EAST OF ENGLAND COMMISSIONING REGION,ACUTE - LARGE,2,0,0,0,0,0,5,0,24,5.0,1.0,37.0,0,15,0.0,Yes,1.0,No,N/A,N/A,1.0,7641.0,23.82,0.0,0.0,57297022.0,7473113.0,4049000.0,0.0,958000.0,67861135.0,0.0,0.0,N/A,N/A,-1545640,-1152163.0,-357790.0,0.0,-2908163,-564727,-6528483.0,0.0,158.0,27.0,0.0,0.0,0,1525639,92495,3. Mixed,Hybrid
RDR,SUSSEX COMMUNITY NHS FOUNDATION TRUST,SOUTH EAST COMMISSIONING REGION,COMMUNITY,0,0,0,6,1,0,8,2,58,7.0,2.0,84.0,28,28,12.0,Yes,0.25,Yes,19678,10.81,1.19,2261.0,6.95,28.0,0.0,0.0,1045000.0,1545000.0,0.0,0.0,2185633.0,404367.0,0.0,N/A,N/A,0,-53449.0,-23289.0,-10.0,0,0,-76748.0,0.0,14.0,7.0,0.0,0.0,0,309462,66382,3. Mixed,Hybrid
RDU,FRIMLEY HEALTH NHS FOUNDATION TRUST,SOUTH EAST COMMISSIONING REGION,ACUTE - LARGE,3,0,0,0,0,0,2,0,8,5.0,0.0,18.0,5,6,0.0,No,0.4,Yes,34277,22.61,0.75,18078.0,7.04,0.0,8.0,23802478.0,10797347.0,10077098.0,214567.0,0.0,44331490.0,560000.0,0.0,N/A,N/A,0,-442052.0,-299412.0,0.0,-3380794,-1390749,-5513007.0,3.0,151.0,3.0,0.0,0.0,0,211197,151216,3. Mixed,Internal
RDY,DORSET HEALTHCARE UNIVERSITY NHS FOUNDATION TRUST,SOUTH WEST COMMISSIONING REGION,MENTAL HEALTH AND LEARNING DISABILITY,0,0,0,1,0,8,8,0,156,4.0,0.0,177.0,119,3,0.0,No,0.0,Yes,0,0.00,0.0,0.0,0.0,0.0,10.0,3142796.0,3570723.0,1793980.0,1814144.0,0.0,9665599.0,656044.0,0.0,N/A,N/A,0,-30829.0,-18153.0,-957.0,-13316,0,-63255.0,9.0,41.0,2.0,0.0,0.0,0,0,381388,3. Mixed,Internal
REF,ROYAL CORNWALL HOSPITALS NHS TRUST,SOUTH WEST COMMISSIONING REGION,ACUTE - LARGE,3,0,0,0,0,0,0,0,4,3.0,1.0,11.0,0,0,0.0,No,0.0,No,N/A,N/A,0.6,0.0,31.0,0.0,1.0,6230443.0,495857.0,5327483.0,545659.0,0.0,11803292.0,796150.0,0.0,N/A,N/A,-221774,-2383730.0,-403419.0,0.0,-1646540,-554755,-5210218.0,4.0,107.0,61.0,0.0,0.0,0,1470454,291131,3. Mixed,Hybrid
REM,LIVERPOOL UNIVERSITY HOSPITALS NHS FOUNDATION TRUST,NORTH WEST COMMISSIONING REGION,ACUTE - TEACHING,3,0,0,0,0,0,0,0,18,7.0,0.0,28.0,9,6,0.0,No,1.5,Yes,59818,29.60,0.2,0.0,0.0,0.0,4.0,3150526.0,12092873.0,12861301.0,1592451.0,0.0,29697151.0,0.0,21.0,1876806,0.00,-125544,-114006.0,-82491.0,0.0,-1997714,-1941707,-4261462.0,5.0,267.0,40.0,0.0,0.0,0,0,1120134,3. Mixed,Hybrid
REN,CLATTERBRIDGE CANCER CENTRE NHS FOUNDATION TRUST,NORTH WEST COMMISSIONING REGION,ACUTE - SPECIALIST,0,3,0,0,0,0,0,0,1,0.0,0.0,4.0,0,0,0.0,No,0.0,No,N/A,N/A,0.0,4147.0,17.57,14.0,0.0,280000.0,1510000.0,2011000.0,0.0,0.0,3777000.0,24000.0,1.0,78000,0.00,0,0.0,-554223.0,0.0,0,-139727,-693950.0,0.0,24.0,0.0,0.0,0.0,0,28694,45274,3. Mixed,Hybrid
REP,LIVERPOOL WOMEN'S NHS FOUNDATION TRUST,NORTH WEST COMMISSIONING REGION,ACUTE - SPECIALIST,0,1,0,0,0,0,0,0,1,0.0,0.0,2.0,0,0,0.0,No,0.0,No,N/A,N/A,0.0,455.0,0.42,0.0,0.0,361376.0,622021.0,469347.0,60771.0,0.0,1513515.0,0.0,2.0,164960,0.00,-42988,-242738.0,-13666.0,0.0,-119616,-358453,-777461.0,0.0,14.0,5.0,0.0,0.0,0,512000,619000,1. Paper,Internal
RET,WALTON CENTRE NHS FOUNDATION TRUST,NORTH WEST COMMISSIONING REGION,ACUTE - SPECIALIST,0,2,0,0,0,0,0,0,0,0.0,0.0,2.0,0,0,0.0,No,1.0,No,N/A,N/A,0.5,1395.0,0.86,0.0,3.0,0.0,11000.0,2616053.0,366000.0,0.0,2993053.0,0.0,0.0,N/A,N/A,-62180,-162817.0,-504547.0,0.0,0,-33544,-763088.0,0.0,15.0,13.0,0.0,0.0,0,73203,45325,3. Mixed,Hybrid
RF4,BARKING HAVERING AND REDBRIDGE UNIVERSITY HOSPITALS NHS TRUST,LONDON COMMISSIONING REGION,ACUTE - TEACHING,2,0,0,0,0,0,0,0,13,5.0,0.0,20.0,0,6,7.0,No,1.6,Yes,6237,31.31,2.0,4882.0,16.33,0.0,6.0,15942521.0,5778852.0,2959369.0,3925718.0,0.0,28532460.0,74000.0,1.0,46000,11.15,0,-36521.0,0.0,0.0,-1899808,-1005151,-2941480.0,1.0,191.0,3.0,0.0,0.0,0,1744946,226800,3. Mixed,Internal
RFF,BARNSLEY HOSPITAL NHS FOUNDATION TRUST,NORTH EAST AND YORKSHIRE COMMISSIONING REGION,ACUTE - SMALL,1,0,0,0,0,0,0,0,0,0.0,0.0,1.0,0,0,0.0,Yes,1.0,No,N/A,N/A,1.0,11500.0,12.82,335.29,0.0,1441535.0,4226929.0,2958104.0,259338.0,0.0,8885906.0,0.0,2.0,37190,15.03,-162214,-13113.0,-19646.0,0.0,-1063251,-485501,-1743725.0,2.0,56.0,12.0,0.0,0.0,0,991526,65447,3. Mixed,Internal
RFR,THE ROTHERHAM NHS FOUNDATION TRUST,NORTH EAST AND YORKSHIRE COMMISSIONING REGION,ACUTE - SMALL,1,0,0,0,0,0,0,0,134,1.0,0.0,136.0,3,11,118.0,Yes,1.0,Yes,11740,4.39,1.0,1726.0,6.14,0.0,0.0,270000.0,2964000.0,2869000.0,799000.0,0.0,6902000.0,0.0,0.0,N/A,N/A,0,0.0,-138949.0,0.0,-597937,-443519,-1180405.0,0.0,69.0,0.0,0.0,0.0,0,1488433,91697,3. Mixed,Internal
RFS,CHESTERFIELD ROYAL HOSPITAL NHS FOUNDATION TRUST,MIDLANDS COMMISSIONING REGION,ACUTE - SMALL,1,0,0,0,0,0,0,0,0,1.0,0.0,2.0,1,0,0.0,No,0.4,Yes,9957,6.30,0.6,9191.0,19.0,365.58,0.0,1367000.0,2916000.0,733000.0,0.0,0.0,5016000.0,0.0,1.0,147000,11.70,0,-520302.0,-87009.0,0.0,-1192346,-170600,-1970257.0,0.0,26.0,15.0,0.0,0.0,0,1404015,63055,3. Mixed,Internal
RGD,LEEDS AND YORK PARTNERSHIP NHS FOUNDATION TRUST,NORTH EAST AND YORKSHIRE COMMISSIONING REGION,MENTAL HEALTH AND LEARNING DISABILITY,0,0,0,19,1,4,0,0,0,4.0,1.0,29.0,1,2,28.0,Yes,0.0,No,N/A,N/A,1.0,1422.0,4.72,0.0,1.0,10629.0,2978074.0,507352.0,5000.0,0.0,3501055.0,0.0,0.0,N/A,N/A,0,0.0,452964.0,0.0,0,0,452964.0,6.0,48.0,2.0,0.0,0.0,0,380280,100064,1. Paper,Hybrid
RGM,ROYAL PAPWORTH HOSPITAL NHS FOUNDATION TRUST,EAST OF ENGLAND COMMISSIONING REGION,ACUTE - SPECIALIST,0,1,0,0,0,0,0,0,0,3.0,0.0,4.0,0,0,0.0,Yes,0.0,No,N/A,N/A,0.0,12604.0,10.32,0.0,0.0,334917.0,246526.0,0.0,14430.0,0.0,595873.0,0.0,0.0,N/A,N/A,0,0.0,0.0,0.0,0,0,0.0,0.0,14.0,0.0,0.0,0.0,0,0,30290,3. Mixed,Hybrid
RGN,NORTH WEST ANGLIA NHS FOUNDATION TRUST,EAST OF ENGLAND COMMISSIONING REGION,ACUTE - LARGE,2,0,0,0,0,0,1,0,3,5.0,0.0,11.0,3,1,0.0,Yes,1.0,No,N/A,N/A,1.0,37522.0,42.0,0.0,1.0,33800745.0,13018970.0,1905609.0,612540.0,220100.0,49117764.0,0.0,1.0,3750000,0.00,-178280,-2695634.0,-1329097.0,0.0,-2055824,0,-6258835.0,4.0,158.0,16.0,0.0,0.0,0,1283769,759896,3. Mixed,Hybrid
RGP,JAMES PAGET UNIVERSITY HOSPITALS NHS FOUNDATION TRUST,EAST OF ENGLAND COMMISSIONING REGION,ACUTE - TEACHING,1,0,0,0,0,0,0,0,1,0.0,0.0,2.0,0,0,0.0,Yes,0.0,No,N/A,N/A,0.0,142.0,5.11,0.0,4.0,34825102.0,196238.0,9312567.0,782601.0,0.0,45058157.0,58351.0,2.0,80000,4.50,-35125,102908.0,0.0,0.0,-709428,-44812,-686457.0,1.0,21.0,21.0,0.0,0.0,0,1147056,0,3. Mixed,Internal
RGR,WEST SUFFOLK NHS FOUNDATION TRUST,EAST OF ENGLAND COMMISSIONING REGION,ACUTE - SMALL,1,0,0,0,0,0,1,2,20,3.0,0.0,27.0,23,2,6.0,Yes,0.5,Yes,1250,0.62,0.5,0.0,11.39,0.0,11.0,10991959.0,1452907.0,11207151.0,7151590.0,0.0,30803607.0,0.0,0.0,N/A,N/A,-135461,-803721.0,-1450008.0,0.0,-1178658,-465052,-4032900.0,4.0,71.0,13.0,0.0,0.0,0,1074054,0,3. Mixed,Internal
RGT,CAMBRIDGE UNIVERSITY HOSPITALS NHS FOUNDATION TRUST,EAST OF ENGLAND COMMISSIONING REGION,ACUTE - TEACHING,1,0,0,0,0,0,0,0,38,8.0,0.0,47.0,33,1,23.0,Yes,1.0,No,N/A,N/A,1.0,15483.0,17.26,0.0,3.0,17511506.0,4456191.0,11443570.0,21406728.0,0.0,49382110.0,5435885.0,7.0,121310,37.00,-664891,-3169808.0,-14428111.0,-56016.0,-9271,-1113369,-19441466.0,3.0,69.0,94.0,0.0,0.0,0,168994,24400,3. Mixed,Internal
RH5,SOMERSET NHS FOUNDATION TRUST,SOUTH WEST COMMISSIONING REGION,ACUTE - MULTI-SERVICE,2,0,0,4,0,0,13,0,13,8.0,3.0,43.0,2,2,0.0,Yes,1.0,No,N/A,N/A,2.0,148669.0,27.97,225.6,7.0,38877086.0,7591117.0,7569200.0,661031.0,393510.0,51242236.0,3062688.0,2.0,30000,0.00,305866,624895.0,196712.0,7346.0,-2289614,-775475,-1930270.0,83.0,110.0,33.0,0.0,0.0,0,0,1598190,3. Mixed,Internal
RH8,ROYAL DEVON UNIVERSITY HEALTHCARE NHS FOUNDATION TRUST,SOUTH WEST COMMISSIONING REGION,ACUTE - LARGE,2,0,0,0,0,0,4,0,25,6.0,0.0,37.0,7,11,0.0,Yes,1.5,Yes,26603,13.25,1.0,10540.0,29.0,0.0,5.0,14897518.0,18330130.0,10094961.0,700193.0,0.0,43753408.0,269394.0,1.0,172000,30.00,0,-227624.0,-1484796.0,0.0,-605210,-40750,-2358380.0,3.0,140.0,48.0,0.0,0.0,0,1084738,23295,3. Mixed,Internal
RHA,NOTTINGHAMSHIRE HEALTHCARE NHS FOUNDATION TRUST,MIDLANDS COMMISSIONING REGION,MENTAL HEALTH AND LEARNING DISABILITY,0,0,0,13,0,0,3,0,81,45.0,1.0,143.0,75,25,2.0,Yes,1.0,Yes,9866,3.24,1.0,738.0,16.92,0.0,17.0,0.0,22474421.0,5476613.0,108529.0,0.0,28059563.0,0.0,0.0,N/A,N/A,0,0.0,0.0,0.0,0,0,0.0,20.0,56.0,36.0,0.0,0.0,0,46176,311450,3. Mixed,Hybrid
RHM,UNIVERSITY HOSPITAL SOUTHAMPTON NHS FOUNDATION TRUST,SOUTH EAST COMMISSIONING REGION,ACUTE - TEACHING,4,1,0,0,0,0,0,0,3,2.0,0.0,10.0,4,5,0.0,No,1.0,No,N/A,N/A,1.0,0.0,11.13,3.0,20.0,20688000.0,12209000.0,12453000.0,1330000.0,0.0,42780000.0,3900000.0,0.0,N/A,N/A,-95230,-343231.0,0.0,0.0,-2889396,-1336461,-4664318.0,6.0,227.0,44.0,0.0,0.0,0,792131,185534,3. Mixed,Internal
RHQ,SHEFFIELD TEACHING HOSPITALS NHS FOUNDATION TRUST,NORTH EAST AND YORKSHIRE COMMISSIONING REGION,ACUTE - TEACHING,2,2,0,0,0,0,1,0,13,13.0,1.0,32.0,12,2,0.0,Yes,1.0,No,N/A,N/A,1.85,25500.0,27.8,0.0,19.0,0.0,26655277.0,0.0,651633.0,0.0,26742788.0,564122.0,2.0,638461,177.00,-504464,-64586.0,0.0,0.0,-2185930,-1001574,-3756554.0,4.0,450.0,0.0,0.0,0.0,0,4042420,168454,3. Mixed,Hybrid
RHU,PORTSMOUTH HOSPITALS UNIVERSITY NHS TRUST,SOUTH EAST COMMISSIONING REGION,ACUTE - LARGE,1,0,1,0,0,0,0,0,24,5.0,0.0,31.0,17,2,1.0,Yes,0.2,Yes,0,0.00,0.3,11080.0,12.93,0.0,0.0,33696000.0,15877000.0,8232000.0,92000.0,7624000.0,50273000.0,0.0,3.0,3108000,1100.00,-21324,-10831.0,0.0,0.0,-2445175,-594077,-3071407.0,7.0,233.0,25.0,0.0,0.0,0,917388,427311,3. Mixed,Internal
RHW,ROYAL BERKSHIRE NHS FOUNDATION TRUST,SOUTH EAST COMMISSIONING REGION,ACUTE - LARGE,1,0,0,0,0,0,1,0,9,2.0,0.0,13.0,2,3,0.0,Yes,0.0,Yes,0,0.00,0.0,0.0,0.0,0.0,0.0,9800482.0,7998679.0,6759519.0,0.0,0.0,24346192.0,212488.0,3.0,2444972,0.00,-307764,-359980.0,211418.0,-77012.0,-1532586,-472772,-2538696.0,4.0,111.0,0.0,0.0,1.0,0,459850,204006,3. Mixed,Hybrid
RJ1,GUY'S AND ST THOMAS' NHS FOUNDATION TRUST,LONDON COMMISSIONING REGION,ACUTE - TEACHING,2,2,0,0,0,0,2,0,38,3.0,0.0,47.0,0,6,0.0,Yes,2.0,Yes,6000,0.00,2.0,14820.0,5.0,0.0,33.0,9030990.0,25820565.0,9912780.0,4070034.0,0.0,46651379.0,2182990.0,0.0,N/A,N/A,-1236841,-2518006.0,-578114.0,0.0,-796164,-70689,-5199814.0,0.0,444.0,31.0,0.0,0.0,0,2340549,403197,3. Mixed,Internal
RJ2,THE LEWISHAM AND GREENWICH NHS TRUST,LONDON COMMISSIONING REGION,ACUTE - LARGE,2,0,0,0,0,0,0,0,9,4.0,0.0,15.0,0,6,0.0,No,1.0,No,N/A,N/A,2.0,0.0,0.0,0.0,0.0,0.0,42666920.0,0.0,0.0,0.0,42666920.0,0.0,1.0,2461045,0.00,-400934,-207930.0,-3545024.0,-136152.0,-1505753,-265672,-6061465.0,0.0,245.0,7.0,0.0,0.0,0,2006167,293000,3. Mixed,Internal
RJ6,CROYDON HEALTH SERVICES NHS TRUST,LONDON COMMISSIONING REGION,ACUTE - MEDIUM,1,0,0,0,0,0,0,0,14,1.0,0.0,16.0,2,6,0.0,Yes,0.5,No,N/A,N/A,0.0,0.0,0.0,0.0,3.0,5230000.0,11071107.0,5072707.0,8828372.0,0.0,29253372.0,948814.0,0.0,N/A,N/A,-170130,-1581992.0,-1029589.0,0.0,-1132268,-190353,-4104332.0,2.0,270.0,4.0,0.0,0.0,0,467899,216347,3. Mixed,Hybrid
RJ7,ST GEORGE'S UNIVERSITY HOSPITALS NHS FOUNDATION TRUST,LONDON COMMISSIONING REGION,ACUTE - TEACHING,1,0,0,0,0,0,1,0,29,3.0,1.0,35.0,0,4,17.0,Yes,1.0,No,N/A,N/A,1.0,0.0,0.0,4.0,0.0,12185718.0,4986600.0,6395488.0,15846092.0,0.0,38910313.0,503585.0,0.0,N/A,N/A,-309024,-2748064.0,-1421555.0,0.0,-1476451,-145251,-6100345.0,3.0,164.0,11.0,0.0,0.0,0,2041095,1020703,3. Mixed,Other
RJ8,CORNWALL PARTNERSHIP NHS FOUNDATION TRUST,SOUTH WEST COMMISSIONING REGION,MENTAL HEALTH AND LEARNING DISABILITY,0,0,1,2,0,0,9,3,56,13.0,0.0,84.0,34,22,15.0,No,1.0,No,N/A,N/A,0.8,1167.0,2.16,0.0,1.0,14950000.0,6576000.0,317000.0,1392000.0,0.0,23197000.0,38000.0,0.0,N/A,N/A,0,0.0,0.0,0.0,0,0,0.0,10.0,47.0,18.0,0.0,1.0,0,37932,165174,3. Mixed,Internal
RJC,SOUTH WARWICKSHIRE UNIVERSITY NHS FOUNDATION TRUST,MIDLANDS COMMISSIONING REGION,ACUTE - TEACHING,2,0,0,0,0,0,1,0,74,0.0,0.0,77.0,69,19,5.0,Yes,2.0,No,N/A,N/A,1.0,13913.0,23.39,8.65,0.0,17076227.0,8626246.0,1743507.0,0.0,0.0,20358980.0,7087000.0,1.0,58000,29.00,-354691,-693461.0,-786677.0,0.0,-1208048,-467107,-3509984.0,1.0,58.0,0.0,0.0,0.0,0,961188,130902,3. Mixed,Hybrid
RJE,UNIVERSITY HOSPITALS OF NORTH MIDLANDS NHS TRUST,MIDLANDS COMMISSIONING REGION,ACUTE - TEACHING,2,0,0,0,0,0,0,0,0,5.0,0.0,7.0,0,0,0.0,Yes,1.0,No,N/A,N/A,3.0,7426.0,7.58,0.0,5.0,34249716.0,9434696.0,5293492.0,541803.0,0.0,46347451.0,3172256.0,5.0,76768,35.00,-128990,-282183.0,-40673.0,0.0,-2451337,-957843,-3861026.0,6.0,113.0,68.0,0.0,0.0,0,1008677,343478,3. Mixed,Hybrid
RJL,NORTHERN LINCOLNSHIRE AND GOOLE NHS FOUNDATION TRUST,NORTH EAST AND YORKSHIRE COMMISSIONING REGION,ACUTE - MEDIUM,3,0,3,0,0,0,0,0,45,2.0,0.0,53.0,45,7,31.0,Yes,1.0,Yes,95900,31.06,0.5,0.0,5.72,0.0,22.0,8520258.0,16459207.0,6037152.0,624928.0,0.0,31641545.0,0.0,1.0,936000,0.00,-98317,-210304.0,0.0,0.0,-1535197,-477469,-2321287.0,2.0,329.0,9.0,0.0,0.0,0,2582469,232070,3. Mixed,Internal
RJN,EAST CHESHIRE NHS TRUST,NORTH WEST COMMISSIONING REGION,ACUTE - SMALL,1,0,0,0,0,0,1,0,23,0.0,0.0,25.0,0,6,4.0,Yes,0.0,No,N/A,N/A,0.0,3000.0,18.0,0.0,0.0,2937000.0,9914000.0,186000.0,0.0,0.0,9038000.0,3999000.0,0.0,N/A,N/A,-116101,295951.0,0.0,0.0,-570635,-281909,-672694.0,0.0,31.0,20.0,0.0,0.0,0,732917,23177,3. Mixed,Hybrid
RJR,COUNTESS OF CHESTER HOSPITAL NHS FOUNDATION TRUST,NORTH WEST COMMISSIONING REGION,ACUTE - SMALL,1,0,0,0,0,0,1,0,1,2.0,0.0,5.0,1,2,0.0,Yes,1.0,Yes,0,0.00,1.0,4309.0,5.11,0.0,0.0,338678.0,2556478.0,1371809.0,0.0,0.0,4086965.0,180000.0,1.0,9450,2.20,-190083,-586337.0,-3906.0,0.0,-1040522,-189491,-2010339.0,3.0,15.0,28.0,0.0,0.0,0,169753,77241,3. Mixed,Internal
RJZ,KING'S COLLEGE HOSPITAL NHS FOUNDATION TRUST,LONDON COMMISSIONING REGION,ACUTE - TEACHING,3,0,0,0,0,0,0,0,24,2.0,0.0,29.0,12,9,0.0,Yes,1.0,No,N/A,N/A,2.0,10895.0,22.42,0.0,6.0,5994284.0,13240353.0,12078043.0,0.0,0.0,31262680.0,50000.0,1.0,260000,44.00,-1169320,-200513.0,-773564.0,0.0,-879470,-811001,-3833868.0,2.0,283.0,7.0,0.0,0.0,0,2929104,1662168,3. Mixed,Hybrid
RK5,SHERWOOD FOREST HOSPITALS NHS FOUNDATION TRUST,MIDLANDS COMMISSIONING REGION,ACUTE - MEDIUM,2,0,0,0,0,0,0,0,0,1.0,0.0,3.0,0,2,0.0,Yes,0.2,No,N/A,N/A,1.0,3239.0,4.26,0.0,2.0,11358000.0,5741000.0,4123000.0,0.0,0.0,21222000.0,0.0,1.0,30000,4.90,0,0.0,0.0,0.0,-825365,0,-825365.0,0.0,0.0,95.0,0.0,0.0,0,558400,60000,3. Mixed,Hybrid
RK9,UNIVERSITY HOSPITALS PLYMOUTH NHS TRUST,SOUTH WEST COMMISSIONING REGION,ACUTE - TEACHING,1,0,0,0,0,0,4,1,21,16.0,1.0,44.0,21,7,0.0,Yes,0.0,Yes,13392,7.34,1.0,10996.0,25.48,0.0,3.0,25268085.0,46436046.0,982689.0,278051.0,0.0,72964871.0,0.0,4.0,190531,392.70,-638041,-190019.0,79857.0,0.0,-1238441,-1254756,-3241400.0,4.0,57.0,11.0,0.0,0.0,0,3678866,149191,3. Mixed,Internal
RKB,UNIVERSITY HOSPITALS COVENTRY AND WARWICKSHIRE NHS TRUST,MIDLANDS COMMISSIONING REGION,ACUTE - TEACHING,2,0,0,0,0,0,0,0,2,0.0,0.0,4.0,0,0,0.0,No,0.0,Yes,21487,6.50,0.0,159.0,0.2,0.0,0.0,1308000.0,4953000.0,6720000.0,29000.0,5613000.0,7397000.0,0.0,0.0,N/A,N/A,-34141,-2042527.0,-1086574.0,0.0,-5925973,-3236480,-12325695.0,5.0,0.0,61.0,0.0,0.0,0,0,1582431,3. Mixed,External
RKE,WHITTINGTON HEALTH NHS TRUST,LONDON COMMISSIONING REGION,ACUTE - MULTI-SERVICE,1,0,0,1,0,0,0,0,61,1.0,0.0,64.0,15,9,1.0,Yes,1.0,Yes,3500,2.00,1.0,0.0,0.0,0.0,0.0,2360000.0,375000.0,2200000.0,1350000.0,0.0,6285000.0,0.0,3.0,185000,460.00,-41200,0.0,0.0,0.0,-53700,0,-94900.0,4.0,54.0,1.0,0.0,0.0,0,765830,78200,3. Mixed,Hybrid
RKL,WEST LONDON NHS TRUST,LONDON COMMISSIONING REGION,MENTAL HEALTH AND LEARNING DISABILITY,0,0,0,6,0,0,1,0,35,2.0,0.0,44.0,10,6,6.0,No,0.2,No,N/A,N/A,1.0,13532.0,9.07,0.0,2.0,8306000.0,8373000.0,0.0,3086000.0,0.0,19765000.0,0.0,0.0,N/A,N/A,0,-105856.0,-249653.0,-200863.0,-23617,0,-579989.0,14.0,255.0,9.0,0.0,0.0,0,64366,114660,1. Paper,Hybrid
RL1,ROBERT JONES AND AGNES HUNT ORTHOPAEDIC HOSPITAL NHS FOUNDATION TRUST,MIDLANDS COMMISSIONING REGION,ACUTE - SPECIALIST,0,1,0,0,0,0,0,0,0,0.0,0.0,1.0,0,0,0.0,Yes,0.1,No,N/A,N/A,0.1,547.0,1.0,0.0,2.0,1946769.0,60053.0,488215.0,1865073.0,0.0,4360110.0,0.0,0.0,N/A,N/A,7131,187682.0,-146581.0,0.0,-269601,0,-221369.0,10.0,20.0,2.0,0.0,0.0,0,223030,26016,3. Mixed,Hybrid
RL4,THE ROYAL WOLVERHAMPTON NHS TRUST,MIDLANDS COMMISSIONING REGION,ACUTE - LARGE,2,0,0,0,0,0,1,0,17,2.0,0.0,22.0,0,7,0.0,No,1.0,Yes,24462,55.79,1.0,35935.0,36.64,0.0,15.0,0.0,29898856.0,3858580.0,148738.0,0.0,21191464.0,12714710.0,4.0,656026,20.13,-163696,-223684.0,-437665.0,-10094.0,-1354421,0,-2189560.0,4.0,0.0,188.0,0.0,0.0,0,949917,60997,3. Mixed,Internal
RLQ,WYE VALLEY NHS TRUST,MIDLANDS COMMISSIONING REGION,ACUTE - MULTI-SERVICE,1,0,0,0,0,0,3,0,10,5.0,0.0,19.0,3,2,0.0,Yes,0.2,No,N/A,N/A,0.2,5890.0,7.0,0.0,1.0,24167148.0,277918.0,0.0,0.0,0.0,24445066.0,0.0,0.0,N/A,N/A,-8024,-48601.0,-10291.0,-650.0,-520002,-345065,-932633.0,0.0,0.0,67.0,0.0,0.0,0,939236,237992,3. Mixed,Internal
RLT,GEORGE ELIOT HOSPITAL NHS TRUST,MIDLANDS COMMISSIONING REGION,ACUTE - SMALL,1,0,0,0,0,0,0,0,20,1.0,0.0,22.0,20,9,0.0,No,0.0,Yes,14865,0.00,0.5,1435.0,4.56,0.0,2.0,18644000.0,651000.0,3086000.0,338000.0,0.0,22717008.0,1992.0,0.0,N/A,N/A,-68561,-185233.0,-804595.0,0.0,-596928,-242197,-1897514.0,2.0,109.0,1.0,0.0,0.0,0,0,1502104,3. Mixed,Internal
RLY,NORTH STAFFORDSHIRE COMBINED HEALTHCARE NHS TRUST,MIDLANDS COMMISSIONING REGION,MENTAL HEALTH AND LEARNING DISABILITY,0,0,0,10,3,2,0,0,10,5.0,0.0,30.0,3,0,0.0,Yes,1.0,No,N/A,N/A,1.0,0.0,0.0,0.0,0.0,0.0,2318000.0,395000.0,582000.0,0.0,3295000.0,0.0,0.0,N/A,N/A,0,0.0,0.0,0.0,0,0,0.0,15.0,13.0,2.0,0.0,0.0,0,77210,0,3. Mixed,Internal
RM1,NORFOLK AND NORWICH UNIVERSITY HOSPITALS NHS FOUNDATION TRUST,EAST OF ENGLAND COMMISSIONING REGION,ACUTE - TEACHING,1,0,1,0,0,0,0,0,5,7.0,0.0,14.0,0,1,0.0,No,0.0,No,N/A,N/A,0.0,12460.0,52.4,0.0,0.0,24155528.0,3239583.0,0.0,0.0,0.0,27363271.0,31840.0,2.0,193279,69.00,-254784,0.0,-209634.0,-29869.0,-1639776,-1285459,-3419522.0,9.0,204.0,14.0,0.0,0.0,0,2117956,0,3. Mixed,Hybrid
RM3,NORTHERN CARE ALLIANCE NHS FOUNDATION TRUST,NORTH WEST COMMISSIONING REGION,ACUTE - TEACHING,4,1,0,0,0,0,1,4,73,8.0,5.0,96.0,74,20,0.0,No,1.0,No,N/A,N/A,2.0,14260.0,10.96,0.0,3.0,36205000.0,12781000.0,1491960.0,12348000.0,0.0,62717857.0,108103.0,0.0,N/A,N/A,-309260,-380970.0,-277153.0,0.0,-1742689,-945908,-3655980.0,5.0,98.0,314.0,0.0,0.0,0,6898390,2498492,3. Mixed,Hybrid
RMC,BOLTON NHS FOUNDATION TRUST,NORTH WEST COMMISSIONING REGION,ACUTE - MEDIUM,1,0,0,0,0,0,0,1,19,1.0,0.0,22.0,0,13,1.0,Yes,1.0,No,N/A,N/A,1.0,11279.0,8.0,491.0,2.0,7440668.0,13470308.0,0.0,0.0,0.0,20717721.0,193255.0,1.0,48592,0.00,-252500,-241795.0,-7560080.0,-47601.0,-1093210,-556545,-9751731.0,1.0,30.0,50.0,0.0,0.0,0,2295624,210972,3. Mixed,Internal
RMP,TAMESIDE AND GLOSSOP INTEGRATED CARE NHS FOUNDATION TRUST,NORTH WEST COMMISSIONING REGION,ACUTE - SMALL,1,0,0,0,0,0,1,0,12,4.0,0.0,18.0,3,0,2.0,Yes,0.5,Yes,18443,27.21,0.5,4534.0,2.13,0.0,13.0,11401000.0,719000.0,2302000.0,4781000.0,0.0,19203000.0,0.0,0.0,N/A,N/A,0,-987359.0,0.0,0.0,-374470,-380643,-1742472.0,0.0,78.0,18.0,0.0,0.0,0,863821,111844,3. Mixed,Hybrid
RMY,NORFOLK AND SUFFOLK NHS FOUNDATION TRUST,EAST OF ENGLAND COMMISSIONING REGION,MENTAL HEALTH AND LEARNING DISABILITY,0,0,0,11,0,1,0,0,16,12.0,2.0,42.0,11,4,0.0,No,0.33,Yes,50000,48.00,0.66,928.0,5.0,0.0,4.0,3772732.0,3755930.0,479525.0,744020.0,0.0,8752207.0,0.0,0.0,N/A,N/A,0,6032.0,494309.0,10158.0,0,0,510499.0,23.0,78.0,16.0,0.0,2.0,0,218887,0,3. Mixed,Internal
RN3,GREAT WESTERN HOSPITALS NHS FOUNDATION TRUST,SOUTH WEST COMMISSIONING REGION,ACUTE - MEDIUM,1,0,0,0,0,0,0,2,50,5.0,0.0,58.0,45,12,0.0,No,2.0,Yes,47597,0.00,2.0,8414.0,12.4,0.0,0.0,20216563.0,1188017.0,3729124.0,591809.0,0.0,25570107.0,155406.0,0.0,N/A,N/A,-83000,0.0,0.0,0.0,-1254822,0,-1337822.0,0.0,29.0,37.0,0.0,0.0,0,662000,311000,3. Mixed,External
RN5,HAMPSHIRE HOSPITALS NHS FOUNDATION TRUST,SOUTH EAST COMMISSIONING REGION,ACUTE - LARGE,3,0,0,0,0,0,0,0,4,3.0,0.0,10.0,1,1,0.0,Yes,1.0,No,N/A,N/A,1.0,14532.0,4.41,0.0,10.0,12984000.0,6127000.0,0.0,5450000.0,0.0,23959000.0,602000.0,0.0,N/A,N/A,-497106,-115390.0,-305086.0,-300000.0,-1804637,0,-3022219.0,6.0,40.0,7.0,0.0,0.0,0,2004017,816063,3. Mixed,Hybrid
RN7,DARTFORD AND GRAVESHAM NHS TRUST,SOUTH EAST COMMISSIONING REGION,ACUTE - SMALL,1,0,1,0,0,0,0,0,3,1.0,0.0,6.0,1,2,0.0,Yes,0.0,No,N/A,N/A,0.0,1482.0,9.06,0.0,5.0,6226000.0,5939000.0,41523000.0,4387000.0,0.0,58075000.0,0.0,1.0,862000,0.00,0,-3349.0,-205978.0,-5202.0,0,0,-214529.0,2.0,52.0,0.0,0.0,0.0,0,1558051,168588,3. Mixed,External
RNA,THE DUDLEY GROUP NHS FOUNDATION TRUST,MIDLANDS COMMISSIONING REGION,ACUTE - MEDIUM,1,0,0,0,0,0,0,0,15,2.0,0.0,18.0,7,9,0.0,Yes,1.0,No,N/A,N/A,0.5,3743.0,5.59,0.0,0.0,0.0,2059000.0,1275000.0,0.0,1253000.0,2081000.0,0.0,0.0,N/A,N/A,-103783,-451882.0,-355855.0,0.0,-814894,-47532,-1773946.0,3.0,44.0,21.0,0.0,0.0,0,1656858,0,3. Mixed,Internal
RNK,TAVISTOCK AND PORTMAN NHS FOUNDATION TRUST,LONDON COMMISSIONING REGION,MENTAL HEALTH AND LEARNING DISABILITY,0,0,0,0,0,0,0,0,36,0.0,0.0,36.0,28,1,26.0,Yes,0.0,No,N/A,N/A,0.0,0.0,0.0,0.0,0.0,0.0,0.0,1107000.0,0.0,0.0,1107000.0,0.0,3.0,388000,0.00,0,0.0,0.0,0.0,0,0,0.0,0.0,0.0,0.0,0.0,0.0,0,21000,10000,3. Mixed,Internal
RNN,NORTH CUMBRIA INTEGRATED CARE NHS FOUNDATION TRUST,NORTH EAST AND YORKSHIRE COMMISSIONING REGION,ACUTE - MEDIUM,2,0,0,0,0,0,5,0,31,7.0,0.0,45.0,13,14,0.0,Yes,0.33,Yes,0,0.00,1.0,3653.0,3.77,0.0,8.0,24549624.0,1935695.0,889493.0,611060.0,1737318.0,26248554.0,0.0,0.0,N/A,N/A,-26644,-45377.0,0.0,0.0,-396777,-649251,-1118049.0,1.0,88.0,12.0,0.0,0.0,0,2108094,163424,3. Mixed,Hybrid
RNQ,KETTERING GENERAL HOSPITAL NHS FOUNDATION TRUST,MIDLANDS COMMISSIONING REGION,ACUTE - SMALL,1,0,0,0,0,0,0,0,10,1.0,0.0,12.0,3,2,0.0,Yes,0.0,No,N/A,N/A,0.0,9418.0,35.0,0.0,1.0,1732752.0,2412863.0,2641799.0,6909.0,0.0,6394127.0,400196.0,1.0,710000,210.00,-44377,-203845.0,-254007.0,0.0,-927057,0,-1429286.0,0.0,98.0,0.0,0.0,0.0,0,935270,537,3. Mixed,Internal
RNS,NORTHAMPTON GENERAL HOSPITAL NHS TRUST,MIDLANDS COMMISSIONING REGION,ACUTE - MEDIUM,1,0,0,0,0,0,0,0,5,1.0,0.0,7.0,0,1,0.0,No,0.5,Yes,805,0.40,1.0,4438.0,4.67,0.0,1.0,719817.0,11582829.0,4518433.0,1224566.0,0.0,8282891.0,9762754.0,0.0,N/A,N/A,-281370,-45477.0,0.0,0.0,-982122,0,-1308969.0,1.0,76.0,37.0,0.0,0.0,0,1242347,222452,3. Mixed,Hybrid
RNU,OXFORD HEALTH NHS FOUNDATION TRUST,SOUTH EAST COMMISSIONING REGION,MENTAL HEALTH AND LEARNING DISABILITY,0,0,0,25,1,0,8,0,12,0.0,0.0,46.0,0,1,26.0,No,0.0,No,N/A,N/A,1.0,14189.0,1.94,0.0,0.0,5018474.0,3623912.0,1593619.0,178163.0,0.0,10414168.0,0.0,0.0,N/A,N/A,-12651,-581740.0,-641682.0,0.0,0,0,-1236073.0,5.0,142.0,5.0,0.0,0.0,0,253122,59750,3. Mixed,Hybrid
RNZ,SALISBURY NHS FOUNDATION TRUST,SOUTH WEST COMMISSIONING REGION,ACUTE - SMALL,1,0,0,0,0,0,0,0,5,0.0,0.0,6.0,0,0,0.0,No,0.5,Yes,157544,0.00,0.6,2424.0,21.5,9.0,1.0,13214980.0,15718324.0,1402724.0,1494793.0,0.0,21402279.0,10428542.0,1.0,10000000,500.00,-134520,7410249.0,358490.0,0.0,-931202,-724826,5978191.0,2.0,79.0,2.0,0.0,0.0,0,1479315,61603,3. Mixed,Internal
RP1,NORTHAMPTONSHIRE HEALTHCARE NHS FOUNDATION TRUST,MIDLANDS COMMISSIONING REGION,MENTAL HEALTH AND LEARNING DISABILITY,0,0,2,3,3,1,3,2,44,19.0,0.0,77.0,42,18,11.0,No,1.0,No,N/A,N/A,1.0,5639.0,8.0,0.0,0.0,0.0,2796236.0,1067893.0,527168.0,0.0,4391297.0,0.0,0.0,N/A,N/A,0,0.0,0.0,0.0,0,0,0.0,12.0,23.0,1.0,0.0,1.0,0,1048824,156957,3. Mixed,Other
RP4,GREAT ORMOND STREET HOSPITAL FOR CHILDREN NHS FOUNDATION TRUST,LONDON COMMISSIONING REGION,ACUTE - SPECIALIST,0,1,0,0,0,0,0,0,3,9.0,0.0,13.0,3,0,0.0,No,1.0,Yes,0,0.00,1.0,10395.0,19.5,0.0,10.0,27672000.0,1722000.0,5236000.0,13234000.0,0.0,25448000.0,22416000.0,0.0,N/A,N/A,0,0.0,0.0,0.0,0,0,0.0,0.0,56.0,0.0,0.0,0.0,0,1100992,0,3. Mixed,Internal
RP5,DONCASTER AND BASSETLAW TEACHING HOSPITALS NHS FOUNDATION TRUST,NORTH EAST AND YORKSHIRE COMMISSIONING REGION,ACUTE - TEACHING,3,0,0,0,0,0,0,0,5,0.0,0.0,8.0,0,2,0.0,No,0.0,Yes,61653,0.23,0.0,5554.0,24.2,0.0,9.0,39569000.0,2872808.0,7209742.0,7245513.0,0.0,56221914.0,675149.0,0.0,N/A,N/A,-64131,-1190223.0,-32147.0,0.0,-811210,-337115,-2434826.0,0.0,107.0,22.0,0.0,0.0,0,2697735,57883,3. Mixed,Hybrid
RP6,MOORFIELDS EYE HOSPITAL NHS FOUNDATION TRUST,LONDON COMMISSIONING REGION,ACUTE - SPECIALIST,0,1,0,0,0,0,0,0,20,0.0,0.0,21.0,5,1,0.0,Yes,0.4,No,N/A,N/A,0.5,6106.0,0.91,0.0,1.0,38769000.0,4307000.0,238000.0,1881000.0,0.0,38195000.0,7000000.0,1.0,22789,12.00,135454,516785.0,22256.0,0.0,0,0,674495.0,0.0,0.0,13.0,0.0,0.0,0,894518,1709346,3. Mixed,Hybrid
RP7,LINCOLNSHIRE PARTNERSHIP NHS FOUNDATION TRUST,MIDLANDS COMMISSIONING REGION,MENTAL HEALTH AND LEARNING DISABILITY,0,0,0,7,0,1,0,1,23,21.0,2.0,55.0,16,5,0.0,Yes,1.0,No,N/A,N/A,0.0,683.0,0.23,0.0,0.0,8255001.0,3373000.0,174000.0,304000.0,0.0,12106001.0,0.0,10.0,214000,24.00,0,0.0,-57407.0,0.0,0,0,-57407.0,9.0,34.0,1.0,0.0,0.0,0,0,59075,3. Mixed,Internal
RPA,MEDWAY NHS FOUNDATION TRUST,SOUTH EAST COMMISSIONING REGION,ACUTE - MEDIUM,1,0,0,0,0,0,0,0,35,5.0,0.0,41.0,38,5,0.0,No,0.0,No,N/A,N/A,0.33,9449.0,251.12,0.0,5.0,525532.0,8858159.0,3148587.0,0.0,0.0,12359278.0,173000.0,1.0,173000,40.00,0,-312572.0,-2842949.0,-166832.0,-1474509,-306595,-5103457.0,4.0,324.0,0.0,0.0,0.0,0,330040,1559782,3. Mixed,Internal
RPC,QUEEN VICTORIA HOSPITAL NHS FOUNDATION TRUST,SOUTH EAST COMMISSIONING REGION,ACUTE - SPECIALIST,0,1,0,0,0,0,0,0,0,0.0,0.0,1.0,0,0,0.0,Yes,0.0,No,N/A,N/A,0.0,1670.0,1.24,0.0,0.0,2230000.0,1832000.0,0.0,0.0,0.0,4062000.0,0.0,0.0,N/A,N/A,-6900,0.0,0.0,0.0,-142936,-20531,-170367.0,1.0,8.0,12.0,0.0,0.0,0,573227,159660,3. Mixed,Internal
RPG,OXLEAS NHS FOUNDATION TRUST,LONDON COMMISSIONING REGION,MENTAL HEALTH AND LEARNING DISABILITY,0,0,2,3,1,0,0,0,26,3.0,2.0,37.0,4,4,0.0,Yes,0.0,No,N/A,N/A,0.0,6060.0,0.56,0.0,1.0,429525.0,884087.0,8749058.0,5605729.0,0.0,15668399.0,0.0,3.0,1290108,0.00,0,0.0,0.0,0.0,-454106,-252660,-706766.0,3.0,8.0,4.0,0.0,0.0,0,0,22495,3. Mixed,Hybrid
RPY,THE ROYAL MARSDEN NHS FOUNDATION TRUST,LONDON COMMISSIONING REGION,ACUTE - SPECIALIST,0,2,0,0,0,0,0,0,1,2.0,0.0,5.0,0,0,0.0,No,1.0,Yes,35000,0.05,1.0,127.0,0.85,0.0,3.0,8704838.0,3147436.0,3381155.0,2890742.0,0.0,10690143.0,7434028.0,4.0,498975,110.90,-45849,-1021262.0,-22385.0,0.0,-370860,-146045,-1606401.0,0.0,24.0,15.0,0.0,0.0,0,198000,105000,3. Mixed,Hybrid
RQ3,BIRMINGHAM WOMEN'S AND CHILDREN'S NHS FOUNDATION TRUST,MIDLANDS COMMISSIONING REGION,ACUTE - SPECIALIST,0,2,0,3,0,0,0,0,0,0.0,0.0,5.0,0,0,0.0,Yes,0.5,Yes,15146,13.00,0.25,8500.0,7.01,274.43,0.0,9361000.0,24389000.0,4025000.0,8335398.0,0.0,24931835.0,21178563.0,1.0,900000,86.00,-26339,0.0,-135797.0,0.0,-43198,-256952,-462286.0,0.0,13.0,32.0,0.0,0.0,0,0,652204,3. Mixed,Internal
RQM,CHELSEA AND WESTMINSTER HOSPITAL NHS FOUNDATION TRUST,LONDON COMMISSIONING REGION,ACUTE - TEACHING,2,0,0,0,0,0,0,0,4,1.0,0.0,7.0,0,0,0.0,Yes,0.5,No,N/A,N/A,1.0,315.0,0.4,0.0,0.0,9939526.0,14312851.0,6223819.0,9287922.0,2330295.0,37022662.0,411161.0,20.0,3772143,85.92,-352916,-3691250.0,-1082803.0,0.0,-2825910,-412527,-8365406.0,1.0,194.0,19.0,0.0,0.0,0,1101852,582305,3. Mixed,Hybrid
RQW,THE PRINCESS ALEXANDRA HOSPITAL NHS TRUST,EAST OF ENGLAND COMMISSIONING REGION,ACUTE - SMALL,1,0,2,0,0,0,0,0,6,4.0,0.0,13.0,6,2,0.0,No,1.0,No,N/A,N/A,1.0,8010.0,6.13,0.0,0.0,5156000.0,316000.0,3337000.0,1315000.0,0.0,10124000.0,0.0,2.0,159193,0.00,-132814,16571.0,-2005680.0,0.0,-777812,0,-2899735.0,2.0,0.0,131.0,0.0,0.0,0,1100693,58477,1. Paper,Internal
RQX,HOMERTON HEALTHCARE NHS FOUNDATION TRUST,LONDON COMMISSIONING REGION,ACUTE - TEACHING,1,0,0,0,0,0,0,1,16,4.0,0.0,22.0,6,7,0.0,No,1.0,Yes,0,0.00,0.0,4592.0,23.15,0.0,0.0,0.0,22183248.0,2091629.0,3048541.0,0.0,27323418.0,0.0,0.0,N/A,N/A,-281112,-263707.0,-568385.0,0.0,0,-118146,-1231350.0,8.0,148.0,1.0,0.0,0.0,0,0,401099,3. Mixed,Hybrid
RQY,SOUTH WEST LONDON AND ST GEORGE'S MENTAL HEALTH NHS TRUST,LONDON COMMISSIONING REGION,MENTAL HEALTH AND LEARNING DISABILITY,0,0,0,23,0,0,0,0,0,1.0,0.0,24.0,9,6,0.0,Yes,0.0,No,N/A,N/A,0.0,8266.0,3.84,0.0,0.0,23973566.0,517936.0,489332.0,2666861.0,0.0,27647695.0,0.0,0.0,N/A,N/A,0,24571.0,0.0,-41068.0,-4983,-202601,-224081.0,6.0,127.0,0.0,0.0,0.0,0,0,0,2. Electronic,Internal
RR7,GATESHEAD HEALTH NHS FOUNDATION TRUST,NORTH EAST AND YORKSHIRE COMMISSIONING REGION,ACUTE - MEDIUM,1,0,0,0,0,0,0,0,18,0.0,0.0,19.0,14,13,0.0,No,1.0,No,N/A,N/A,1.0,3039.0,3.68,404.0,14.0,9648000.0,5225000.0,1197000.0,363000.0,0.0,16417000.0,16000.0,3.0,36490,487.96,-95669,-287271.0,-1700589.0,0.0,-586753,-631296,-3301578.0,0.0,34.0,26.0,0.0,0.0,0,735086,38234,3. Mixed,Internal
RR8,LEEDS TEACHING HOSPITALS NHS TRUST,NORTH EAST AND YORKSHIRE COMMISSIONING REGION,ACUTE - TEACHING,2,0,1,0,0,0,1,0,9,4.0,0.0,17.0,0,0,0.0,Yes,1.0,No,N/A,N/A,1.0,35240.0,94.1,0.0,33.0,14887011.0,21830603.0,13245392.0,933019.0,500000.0,50163802.0,232223.0,7.0,1565720,410.00,-1244015,-7228612.0,-1471971.0,-710402.0,-2184571,-2207933,-15047504.0,3.0,233.0,119.0,0.0,0.0,0,2124395,302315,3. Mixed,Hybrid
RRE,MIDLANDS PARTNERSHIP NHS FOUNDATION TRUST,MIDLANDS COMMISSIONING REGION,MENTAL HEALTH AND LEARNING DISABILITY,0,0,0,21,0,1,2,0,251,1.0,6.0,282.0,177,22,84.0,Yes,1.0,No,N/A,N/A,1.0,1313.0,1.65,0.0,2.0,9506969.0,8432777.0,0.0,0.0,0.0,17939746.0,0.0,9.0,1033571,58.97,0,0.0,0.0,0.0,0,0,0.0,6.0,3.0,49.0,0.0,0.0,0,0,94077,3. Mixed,Hybrid
RRF,WRIGHTINGTON WIGAN AND LEIGH NHS FOUNDATION TRUST,NORTH WEST COMMISSIONING REGION,ACUTE - MEDIUM,1,1,1,0,0,0,0,0,18,24.0,0.0,45.0,12,0,0.0,Yes,0.0,No,N/A,N/A,1.0,642.0,13.7,0.0,4.0,14688782.0,4655280.0,2150614.0,227607.0,0.0,21722283.0,0.0,2.0,435382,54.50,-78826,-2931497.0,-752378.0,0.0,-587337,-538627,-4888665.0,5.0,28.0,78.0,0.0,0.0,0,717784,44332,3. Mixed,Hybrid
RRJ,ROYAL ORTHOPAEDIC HOSPITAL NHS FOUNDATION TRUST,MIDLANDS COMMISSIONING REGION,ACUTE - SPECIALIST,0,1,0,0,0,0,0,0,0,0.0,0.0,1.0,0,0,0.0,Yes,0.0,Yes,200,0.00,1.0,2355.0,20.93,0.0,4.0,0.0,2045766.0,213998.0,0.0,0.0,2259764.0,0.0,2.0,192305,152.69,-20000,-9996.0,-95881.0,0.0,-204973,-70666,-401516.0,0.0,33.0,3.0,0.0,0.0,0,544503,16126,3. Mixed,Internal
RRK,UNIVERSITY HOSPITALS BIRMINGHAM NHS FOUNDATION TRUST,MIDLANDS COMMISSIONING REGION,ACUTE - TEACHING,4,0,0,0,0,0,0,1,27,9.0,0.0,41.0,7,9,0.0,No,1.8,No,N/A,N/A,0.6,60660.0,48.46,14.78,4.0,23323476.0,13943073.0,7573952.0,491132.0,0.0,45331633.0,0.0,2.0,189191,411.69,-75346,-805576.0,-116222.0,0.0,-2937986,-3082083,-7017213.0,9.0,231.0,292.0,0.0,0.0,0,4036713,44737,3. Mixed,Internal
RRP,BARNET ENFIELD AND HARINGEY MENTAL HEALTH NHS TRUST,LONDON COMMISSIONING REGION,MENTAL HEALTH AND LEARNING DISABILITY,0,0,1,4,0,0,1,0,12,1.0,5.0,24.0,12,1,5.0,No,0.0,No,N/A,N/A,0.0,639.0,5.46,0.0,0.0,0.0,6979555.0,1181767.0,340517.0,0.0,8501839.0,0.0,1.0,119450,0.00,0,-8385.0,-1408270.0,0.0,-51767,0,-1468422.0,3.0,54.0,0.0,0.0,0.0,0,225601,185912,3. Mixed,Internal
RRU,LONDON AMBULANCE SERVICE NHS TRUST,LONDON COMMISSIONING REGION,AMBULANCE,N/A,N/A,N/A,N/A,N/A,N/A,N/A,N/A,N/A,78.0,0.0,78.0,N/A,N/A,0.0,Yes,0.0,Yes,0,0.00,1.0,0.0,0.3,0.0,0.0,0.0,4155627.0,0.0,0.0,0.0,4155627.0,0.0,0.0,N/A,N/A,N/A,0.0,0.0,0.0,N/A,N/A,0.0,3.0,3.0,3.0,0.0,0.0,N/A,N/A,N/A,N/A,N/A
RRV,UNIVERSITY COLLEGE LONDON HOSPITALS NHS FOUNDATION TRUST,LONDON COMMISSIONING REGION,ACUTE - TEACHING,2,4,2,0,0,0,0,0,4,11.0,0.0,23.0,0,0,0.0,Yes,0.5,Yes,7115,3.56,0.5,6221.0,5.26,0.0,2.0,510498.0,7136140.0,21271171.0,0.0,7220000.0,21421835.0,275974.0,10.0,2713872,315.00,-25846,-319472.0,-83725.0,0.0,-814,-66380,-496237.0,1.0,45.0,84.0,0.0,0.0,0,1385012,604585,3. Mixed,Hybrid
RT1,CAMBRIDGESHIRE AND PETERBOROUGH NHS FOUNDATION TRUST,EAST OF ENGLAND COMMISSIONING REGION,MENTAL HEALTH AND LEARNING DISABILITY,0,0,0,4,0,0,4,0,21,17.0,0.0,46.0,13,8,0.0,Yes,0.25,Yes,0,0.00,0.5,100.0,1.0,0.0,3.0,427688.0,92224.0,2522366.0,30631.0,390000.0,2682909.0,0.0,3.0,110720,23.20,0,50000.0,-237000.0,0.0,0,0,-187000.0,10.0,5.0,4.0,0.0,2.0,0,18410,109722,3. Mixed,Hybrid
RT2,PENNINE CARE NHS FOUNDATION TRUST,NORTH WEST COMMISSIONING REGION,MENTAL HEALTH AND LEARNING DISABILITY,0,0,0,5,0,4,4,0,55,3.0,0.0,71.0,17,4,0.0,Yes,1.0,Yes,58450,0.00,1.0,0.0,10.73,0.0,0.0,0.0,3966106.0,0.0,0.0,0.0,3966106.0,0.0,0.0,N/A,N/A,0,0.0,0.0,0.0,0,0,0.0,20.0,124.0,27.0,0.0,0.0,0,173479,170400,3. Mixed,Hybrid
RT5,LEICESTERSHIRE PARTNERSHIP NHS TRUST,MIDLANDS COMMISSIONING REGION,MENTAL HEALTH AND LEARNING DISABILITY,0,0,12,21,7,0,6,2,54,14.0,3.0,119.0,33,16,43.0,Yes,0.0,No,N/A,N/A,1.0,0.0,0.0,0.0,0.0,4926000.0,3284000.0,3591000.0,997000.0,0.0,12764000.0,34000.0,0.0,N/A,N/A,0,631000.0,2879000.0,15000.0,0,0,3525000.0,3.0,22.0,51.0,0.0,0.0,0,0,390000,3. Mixed,External
RTD,THE NEWCASTLE UPON TYNE HOSPITALS NHS FOUNDATION TRUST,NORTH EAST AND YORKSHIRE COMMISSIONING REGION,ACUTE - TEACHING,2,0,2,0,0,0,0,0,17,10.0,0.0,31.0,5,8,0.0,Yes,1.0,No,N/A,N/A,1.0,9379.0,27.83,0.0,14.0,0.0,0.0,24230700.0,12902110.0,0.0,36267299.0,865511.0,1.0,250000,30.00,0,-408000.0,0.0,0.0,-2610323,-1118710,-4137033.0,8.0,129.0,56.0,0.0,0.0,0,819375,978739,3. Mixed,Internal
RTE,GLOUCESTERSHIRE HOSPITALS NHS FOUNDATION TRUST,SOUTH WEST COMMISSIONING REGION,ACUTE - LARGE,2,1,0,0,0,0,0,0,6,10.0,0.0,19.0,1,0,0.0,Yes,1.0,Yes,69435,33.11,1.0,16067.0,41.4,737.46,23.0,13602483.0,22469549.0,1340805.0,58376.0,0.0,30652110.0,6819103.0,0.0,N/A,N/A,-7140,-1079440.0,-217802.0,-117137.0,-2664306,-1141845,-5227670.0,3.0,134.0,11.0,0.0,0.0,0,1088833,218528,3. Mixed,Internal
RTF,NORTHUMBRIA HEALTHCARE NHS FOUNDATION TRUST,NORTH EAST AND YORKSHIRE COMMISSIONING REGION,ACUTE - LARGE,3,1,0,0,0,0,4,0,47,2.0,0.0,57.0,0,36,0.0,Yes,1.0,No,N/A,N/A,1.0,3275.0,20.52,840.29,14.0,27948000.0,20580000.0,3410000.0,540000.0,0.0,52214000.0,264000.0,0.0,N/A,N/A,-150597,-106732.0,-126915.0,-21125.0,-1216163,-808789,-2430321.0,1.0,70.0,7.0,0.0,0.0,0,480130,22717,3. Mixed,Internal
RTG,UNIVERSITY HOSPITALS OF DERBY AND BURTON NHS FOUNDATION TRUST,MIDLANDS COMMISSIONING REGION,ACUTE - TEACHING,2,0,0,0,0,0,3,0,2,0.0,0.0,7.0,0,0,0.0,Yes,0.4,Yes,55958,7.00,2.0,32319.0,48.76,23.47,5.0,23517000.0,3446000.0,2126000.0,58000.0,1182000.0,27965000.0,0.0,0.0,N/A,N/A,-80000,0.0,0.0,0.0,-3400624,0,-3480624.0,0.0,369.0,48.0,0.0,0.0,0,558321,4515960,3. Mixed,Internal
RTH,OXFORD UNIVERSITY HOSPITALS NHS FOUNDATION TRUST,SOUTH EAST COMMISSIONING REGION,ACUTE - TEACHING,3,8,0,0,0,0,2,2,11,3.0,0.0,29.0,15,2,0.0,No,1.5,No,N/A,N/A,1.0,17976.0,19.01,0.0,2.0,2254000.0,36560000.0,11325000.0,29899000.0,10433000.0,47249000.0,22356000.0,0.0,N/A,N/A,-68886,-4738614.0,-479300.0,0.0,-2896699,0,-8183499.0,9.0,126.0,21.0,0.0,0.0,0,944008,622600,3. Mixed,Internal
RTK,ASHFORD AND ST. PETER'S HOSPITALS NHS FOUNDATION TRUST,SOUTH EAST COMMISSIONING REGION,ACUTE - MEDIUM,2,0,0,0,0,0,1,0,17,1.0,0.0,21.0,19,4,0.0,Yes,0.5,No,N/A,N/A,1.0,1350.0,5.36,0.0,5.0,14111403.0,3953071.0,711320.0,1770777.0,0.0,20506773.0,39798.0,0.0,N/A,N/A,-591903,-184927.0,-829.0,0.0,-1756712,-506346,-3040717.0,2.0,29.0,11.0,0.0,0.0,0,690551,74413,3. Mixed,Hybrid
RTP,SURREY AND SUSSEX HEALTHCARE NHS TRUST,SOUTH EAST COMMISSIONING REGION,ACUTE - MEDIUM,1,0,0,0,0,0,0,0,3,0.0,0.0,4.0,3,3,0.0,Yes,0.0,Yes,10500,0.00,1.0,8288.0,4.3,0.0,6.0,9442000.0,1355000.0,4178000.0,2900000.0,0.0,17875000.0,0.0,0.0,N/A,N/A,-35000,-160714.0,-8609000.0,0.0,-2256882,-169766,-11231362.0,17.0,73.0,16.0,0.0,0.0,0,1584317,401512,3. Mixed,Internal
RTQ,GLOUCESTERSHIRE HEALTH AND CARE NHS FOUNDATION TRUST,SOUTH WEST COMMISSIONING REGION,MENTAL HEALTH AND LEARNING DISABILITY,0,0,0,3,1,1,7,0,157,5.0,0.0,174.0,22,8,157.0,Yes,1.0,Yes,4735,3.47,1.0,670.0,13.44,0.0,3.0,9404910.0,584350.0,1720076.0,989731.0,0.0,12699067.0,0.0,1.0,79129,4.60,0,-35958.0,0.0,0.0,0,0,-35958.0,0.0,35.0,3.0,0.0,0.0,0,547365,64799,3. Mixed,Hybrid
RTR,SOUTH TEES HOSPITALS NHS FOUNDATION TRUST,NORTH EAST AND YORKSHIRE COMMISSIONING REGION,ACUTE - TEACHING,2,0,0,0,0,0,3,0,12,4.0,0.0,21.0,5,17,0.0,Yes,0.0,Yes,383719,0.00,0.5,2654.0,2.47,0.0,7.0,25572000.0,9427000.0,6286000.0,0.0,6286000.0,33235000.0,1764000.0,0.0,N/A,N/A,0,0.0,0.0,0.0,-1015842,-1280053,-2295895.0,3.0,239.0,3.0,0.0,0.0,0,830621,1760522,3. Mixed,Hybrid
RTX,UNIVERSITY HOSPITALS OF MORECAMBE BAY NHS FOUNDATION TRUST,NORTH WEST COMMISSIONING REGION,ACUTE - TEACHING,3,0,0,0,0,0,1,0,25,1.0,0.0,30.0,0,1,0.0,Yes,0.0,Yes,11310,4.19,1.0,4842.0,4.59,0.0,6.0,6437000.0,13668000.0,1329000.0,2454000.0,0.0,23888000.0,0.0,0.0,N/A,N/A,0,-673839.0,-386816.0,0.0,-1043182,-356517,-2460354.0,4.0,24.0,31.0,0.0,0.0,0,0,668441,3. Mixed,Hybrid
RV3,CENTRAL AND NORTH WEST LONDON NHS FOUNDATION TRUST,LONDON COMMISSIONING REGION,MENTAL HEALTH AND LEARNING DISABILITY,0,0,1,38,0,2,2,0,44,4.0,1.0,92.0,8,23,0.0,Yes,0.5,No,N/A,N/A,0.5,0.0,0.0,62.0,1.0,0.0,9948000.0,0.0,1511000.0,0.0,11459000.0,0.0,0.0,N/A,N/A,0,0.0,0.0,0.0,0,0,0.0,97.0,108.0,18.0,0.0,0.0,0,0,143706,3. Mixed,Hybrid
RV5,SOUTH LONDON AND MAUDSLEY NHS FOUNDATION TRUST,LONDON COMMISSIONING REGION,MENTAL HEALTH AND LEARNING DISABILITY,0,0,0,48,0,2,2,0,6,6.0,0.0,64.0,19,4,0.0,Yes,0.0,No,N/A,N/A,1.0,3961.0,11.01,0.0,3.0,25277000.0,3790500.0,3790500.0,0.0,0.0,24527000.0,8331000.0,0.0,N/A,N/A,0,0.0,0.0,0.0,-10538,0,-10538.0,13.0,31.0,6.0,0.0,0.0,0,0,0,2. Electronic,Internal
RV9,HUMBER TEACHING NHS FOUNDATION TRUST,NORTH EAST AND YORKSHIRE COMMISSIONING REGION,MENTAL HEALTH AND LEARNING DISABILITY,0,0,0,8,1,1,2,0,44,9.0,0.0,65.0,17,3,1.0,Yes,1.0,Yes,47650,22.16,1.0,6529.0,21.12,0.0,5.0,0.0,6567570.0,381557.0,490722.0,0.0,6348191.0,1091658.0,3.0,854000,257.00,0,-1957776.0,-707236.0,0.0,0,0,-2665012.0,4.0,67.0,0.0,0.0,0.0,0,125029,110658,3. Mixed,Hybrid
RVJ,NORTH BRISTOL NHS TRUST,SOUTH WEST COMMISSIONING REGION,ACUTE - LARGE,1,0,0,0,0,0,0,3,0,1.0,0.0,5.0,0,0,0.0,Yes,1.0,Yes,52695,25.35,1.0,6547.0,12.4,0.0,25.0,12799000.0,16232000.0,1556000.0,83000.0,0.0,27731000.0,2939000.0,14.0,132871,173.00,0,0.0,0.0,0.0,-2058793,-52976,-2111769.0,8.0,146.0,16.0,0.0,1.0,0,550983,714936,1. Paper,Hybrid
RVN,AVON AND WILTSHIRE MENTAL HEALTH PARTNERSHIP NHS TRUST,SOUTH WEST COMMISSIONING REGION,MENTAL HEALTH AND LEARNING DISABILITY,0,0,0,10,0,2,0,0,52,21.0,0.0,85.0,51,3,43.0,Yes,1.0,No,N/A,N/A,0.0,3664.0,19.44,0.0,0.0,3241000.0,5422000.0,0.0,8000.0,0.0,8671000.0,0.0,0.0,N/A,N/A,0,-49821.0,-449304.0,-37781.0,0,0,-536906.0,1.0,172.0,7.0,0.0,0.0,0,229350,0,3. Mixed,Internal
RVR,EPSOM AND ST HELIER UNIVERSITY HOSPITALS NHS TRUST,LONDON COMMISSIONING REGION,ACUTE - TEACHING,2,0,0,0,0,0,2,0,25,9.0,0.0,38.0,10,18,0.0,Yes,0.0,No,N/A,N/A,0.4,1125.0,2.6,0.0,23.0,3512923.0,4951390.0,619759.0,7652339.0,0.0,16440604.0,295807.0,0.0,N/A,N/A,-163802,-355443.0,-37239.0,0.0,-2115419,-636829,-3308732.0,3.0,125.0,2.0,0.0,0.0,0,1777615,268484,3. Mixed,Hybrid
RVV,EAST KENT HOSPITALS UNIVERSITY NHS FOUNDATION TRUST,SOUTH EAST COMMISSIONING REGION,ACUTE - TEACHING,3,1,0,0,0,0,0,0,9,5.0,0.0,18.0,2,2,3.0,No,0.5,No,N/A,N/A,1.0,5308.0,84.12,1259.32,2.0,8207000.0,1961000.0,4901000.0,0.0,0.0,15069000.0,0.0,0.0,N/A,N/A,-797063,0.0,0.0,0.0,-1962140,-1971033,-4730236.0,24.0,199.0,1.0,0.0,1.0,0,3100042,757170,3. Mixed,Hybrid
RVW,NORTH TEES AND HARTLEPOOL NHS FOUNDATION TRUST,NORTH EAST AND YORKSHIRE COMMISSIONING REGION,ACUTE - MEDIUM,2,0,0,0,0,0,0,0,31,0.0,0.0,33.0,24,12,1.0,Yes,1.0,Yes,0,0.00,1.0,2245.0,14.06,634.52,7.0,14525173.0,7676230.0,7497105.0,4641586.0,0.0,30432334.0,3907760.0,6.0,951015,0.00,67281,46827.0,-151263.0,-17724.0,-1008237,-851973,-1915089.0,5.0,74.0,2.0,0.0,0.0,0,379563,149507,3. Mixed,Internal
RW1,SOUTHERN HEALTH NHS FOUNDATION TRUST,SOUTH EAST COMMISSIONING REGION,MENTAL HEALTH AND LEARNING DISABILITY,0,0,2,12,3,1,7,10,74,12.0,1.0,122.0,50,26,0.0,Yes,0.0,No,N/A,N/A,1.0,13640.0,8.46,0.0,6.0,0.0,4383789.0,3956468.0,906537.0,0.0,9246794.0,0.0,1.0,72815,19.80,0,0.0,0.0,0.0,-53876,0,-53876.0,0.0,116.0,7.0,0.0,0.0,0,0,197531,3. Mixed,Hybrid
RW4,MERSEY CARE NHS FOUNDATION TRUST,NORTH WEST COMMISSIONING REGION,MENTAL HEALTH AND LEARNING DISABILITY,0,0,0,10,2,1,0,1,86,7.0,2.0,109.0,9,19,0.0,No,1.0,Yes,0,0.00,1.0,10082.0,23.5,0.0,4.0,17746508.0,9183130.0,5949625.0,2154423.0,0.0,35033686.0,0.0,0.0,N/A,N/A,0,0.0,0.0,0.0,0,0,0.0,37.0,79.0,8.0,0.0,0.0,0,122705,197208,3. Mixed,Hybrid
RW5,LANCASHIRE & SOUTH CUMBRIA NHS FOUNDATION TRUST,NORTH WEST COMMISSIONING REGION,MENTAL HEALTH AND LEARNING DISABILITY,0,0,0,23,0,0,2,0,74,13.0,2.0,114.0,24,38,3.0,Yes,0.5,Yes,8059,3.10,0.5,4384.0,1.9,0.0,2.0,4953000.0,12578000.0,0.0,200000.0,0.0,17731000.0,0.0,0.0,N/A,N/A,0,-9128.0,-15902.0,-12559.0,0,0,-37589.0,44.0,15.0,0.0,1.0,2.0,0,698562,0,1. Paper,Internal
RWA,HULL UNIVERSITY TEACHING HOSPITALS NHS TRUST,NORTH EAST AND YORKSHIRE COMMISSIONING REGION,ACUTE - TEACHING,2,0,0,0,0,0,0,0,91,4.0,0.0,97.0,92,4,40.0,No,1.0,No,N/A,N/A,1.0,32128.0,12.49,0.0,5.0,29495000.0,10251000.0,2717000.0,0.0,0.0,42212000.0,251000.0,5.0,446454,47.30,-238323,87794.0,247366.0,0.0,-1519749,-516223,-1939135.0,3.0,87.0,49.0,0.0,0.0,0,1751670,141463,3. Mixed,Internal
RWD,UNITED LINCOLNSHIRE HOSPITALS NHS TRUST,MIDLANDS COMMISSIONING REGION,ACUTE - LARGE,4,2,7,0,0,0,0,0,81,2.0,0.0,96.0,81,5,74.0,Yes,0.0,No,N/A,N/A,0.0,0.0,0.0,0.0,10.0,18597171.0,5338416.0,4033122.0,662564.0,0.0,28631273.0,0.0,0.0,N/A,N/A,0,-93197.0,0.0,-694.0,-1209283,0,-1303174.0,2.0,143.0,46.0,0.0,0.0,0,2941683,539012,3. Mixed,Internal
RWE,UNIVERSITY HOSPITALS OF LEICESTER NHS TRUST,MIDLANDS COMMISSIONING REGION,ACUTE - TEACHING,3,0,3,0,0,0,0,0,0,1.0,0.0,7.0,0,0,0.0,Yes,0.0,No,N/A,N/A,0.0,23723.0,18.73,0.0,21.0,32730998.0,14294744.0,10237666.0,2489748.0,0.0,59535281.0,217875.0,0.0,N/A,N/A,-388667,0.0,0.0,0.0,-3945040,-1882847,-6216554.0,6.0,205.0,65.0,0.0,0.0,0,2455960,943096,3. Mixed,Internal
RWF,MAIDSTONE AND TUNBRIDGE WELLS NHS TRUST,SOUTH EAST COMMISSIONING REGION,ACUTE - LARGE,2,2,0,0,0,0,2,0,16,4.0,1.0,27.0,13,6,0.0,Yes,0.33,No,N/A,N/A,0.33,8764.0,8.07,0.0,4.0,29368358.0,7003736.0,923093.0,0.0,0.0,37295187.0,0.0,1.0,485891,0.00,-113120,0.0,0.0,0.0,-1672356,-471801,-2257277.0,2.0,91.0,0.0,0.0,0.0,0,1691851,1761785,3. Mixed,Internal
RWG,WEST HERTFORDSHIRE TEACHING HOSPITALS NHS TRUST,EAST OF ENGLAND COMMISSIONING REGION,ACUTE - TEACHING,1,0,0,0,0,0,2,0,1,1.0,0.0,5.0,0,0,0.0,Yes,1.0,No,N/A,N/A,1.0,4530.0,5.26,0.0,3.0,0.0,5194030.0,1257789.0,1192466.0,0.0,7644285.0,0.0,1.0,1034473,500.00,-6835,-757752.0,-1414069.0,-216717.0,-1864011,-939461,-5198845.0,2.0,76.0,54.0,0.0,0.0,0,497663,625714,3. Mixed,Internal
RWH,EAST AND NORTH HERTFORDSHIRE NHS TRUST,EAST OF ENGLAND COMMISSIONING REGION,ACUTE - LARGE,1,0,0,0,0,0,0,1,7,5.0,0.0,14.0,0,0,0.0,No,1.0,No,N/A,N/A,1.0,5283.0,4.58,0.0,0.0,10434000.0,3359000.0,0.0,15598146.0,0.0,29191146.0,200000.0,3.0,2080000,500.00,-200476,-1696698.0,-441753.0,0.0,-432669,-839684,-3611280.0,2.0,45.0,24.0,0.0,0.0,0,3380886,259420,1. Paper,Hybrid
RWJ,STOCKPORT NHS FOUNDATION TRUST,NORTH WEST COMMISSIONING REGION,ACUTE - MEDIUM,1,1,0,0,0,0,0,1,19,0.0,0.0,22.0,0,19,0.0,Yes,1.0,No,N/A,N/A,0.7,8869.0,19.38,0.0,3.0,22827996.0,4480104.0,5316462.0,37404.0,0.0,32661966.0,0.0,34.0,5317113,0.00,0,-203748.0,4542.0,754.0,-868924,-594934,-1662310.0,8.0,21.0,33.0,0.0,0.0,0,2247609,18311,3. Mixed,Hybrid
RWK,EAST LONDON NHS FOUNDATION TRUST,LONDON COMMISSIONING REGION,MENTAL HEALTH AND LEARNING DISABILITY,0,0,0,13,0,0,0,0,88,4.0,1.0,106.0,7,33,0.0,Yes,0.5,Yes,0,93.00,0.5,0.0,4.3,34.5,3.0,0.0,3466023.0,2297583.0,1212671.0,0.0,6976277.0,0.0,14.0,342589,187.80,0,322811.0,741257.0,0.0,0,0,1064068.0,5.0,62.0,13.0,0.0,0.0,0,0,98676,3. Mixed,Hybrid
RWP,WORCESTERSHIRE ACUTE HOSPITALS NHS TRUST,MIDLANDS COMMISSIONING REGION,ACUTE - LARGE,3,0,0,0,0,0,3,0,0,2.0,0.0,8.0,3,0,0.0,Yes,1.5,Yes,0,0.00,1.0,10256.0,13.73,37.0,4.0,0.0,16086000.0,108000.0,1630000.0,0.0,17824000.0,0.0,0.0,N/A,N/A,-763523,-1612759.0,-1495998.0,0.0,-1933765,0,-5806045.0,2.0,0.0,96.0,0.0,0.0,0,744478,102091,2. Electronic,External
RWR,HERTFORDSHIRE PARTNERSHIP UNIVERSITY NHS FOUNDATION TRUST,EAST OF ENGLAND COMMISSIONING REGION,MENTAL HEALTH AND LEARNING DISABILITY,0,0,0,24,7,11,0,0,6,2.0,0.0,50.0,4,1,0.0,Yes,1.0,No,N/A,N/A,0.1,650.0,0.44,0.0,0.0,8832.0,5603328.0,1305374.0,2765656.0,0.0,9683190.0,0.0,1.0,67330,12.50,0,0.0,0.0,0.0,0,0,0.0,9.0,79.0,3.0,0.0,0.0,0,0,0,3. Mixed,External
RWV,DEVON PARTNERSHIP NHS TRUST,SOUTH WEST COMMISSIONING REGION,MENTAL HEALTH AND LEARNING DISABILITY,0,0,1,34,1,3,0,0,5,6.0,1.0,51.0,29,7,3.0,Yes,1.0,Yes,0,0.00,1.0,431.0,1.52,0.0,0.0,3904563.0,3207466.0,965419.0,213245.0,0.0,8249793.0,40900.0,2.0,289086,1.42,0,0.0,0.0,0.0,-25315,0,-25315.0,15.0,37.0,3.0,0.0,0.0,0,0,74393,3. Mixed,Hybrid
RWW,WARRINGTON AND HALTON TEACHING HOSPITALS NHS FOUNDATION TRUST,NORTH WEST COMMISSIONING REGION,ACUTE - TEACHING,2,0,0,0,0,0,0,0,1,0.0,0.0,3.0,0,0,0.0,Yes,0.0,No,N/A,N/A,0.2,0.0,13.2,0.0,2.0,470000.0,2079000.0,720000.0,566000.0,0.0,3835000.0,0.0,1.0,121000,0.00,0,0.0,0.0,0.0,-1247069,-595009,-1842078.0,2.0,13.0,48.0,0.0,0.0,0,483209,326837,3. Mixed,Internal
RWX,BERKSHIRE HEALTHCARE NHS FOUNDATION TRUST,SOUTH EAST COMMISSIONING REGION,MENTAL HEALTH AND LEARNING DISABILITY,0,0,1,6,0,1,4,0,27,3.0,0.0,42.0,17,16,0.0,Yes,0.0,No,N/A,N/A,0.0,0.0,13.0,0.0,1.0,0.0,2320825.0,460472.0,94077.0,0.0,2853162.0,22212.0,6.0,536385,0.00,0,-143623.0,-3334441.0,-306413.0,-139695,0,-3924172.0,5.0,9.0,4.0,0.0,0.0,0,67690,63296,3. Mixed,Internal
RWY,CALDERDALE AND HUDDERSFIELD NHS FOUNDATION TRUST,NORTH EAST AND YORKSHIRE COMMISSIONING REGION,ACUTE - LARGE,2,0,0,0,0,0,0,0,99,6.0,0.0,107.0,92,4,83.0,Yes,1.0,Yes,13520,1.00,1.0,4490.0,7.1,289.06,0.0,22535130.0,4267893.0,0.0,502970.0,0.0,27305993.0,0.0,2.0,89375,0.00,-5242,-32676.0,-233876.0,0.0,-1052991,-668403,-1993188.0,2.0,38.0,0.0,0.0,1.0,0,394539,14645,3. Mixed,Internal
RX1,NOTTINGHAM UNIVERSITY HOSPITALS NHS TRUST,MIDLANDS COMMISSIONING REGION,ACUTE - TEACHING,2,0,0,0,0,0,0,0,1,0.0,0.0,3.0,0,0,0.0,Yes,1.0,Yes,0,0.00,1.0,9327.0,45.78,0.0,18.0,44255378.0,59153268.0,13122004.0,31938530.0,0.0,136117869.0,12351311.0,19.0,12249901,2172.00,319219,-2253537.0,-578127.0,0.0,-2316819,-546647,-5375911.0,13.0,2.0,348.0,0.0,0.0,0,0,488132,3. Mixed,Hybrid
RX2,SUSSEX PARTNERSHIP NHS FOUNDATION TRUST,SOUTH EAST COMMISSIONING REGION,MENTAL HEALTH AND LEARNING DISABILITY,0,0,0,48,1,0,0,1,26,13.0,0.0,89.0,12,16,1.0,Yes,0.0,No,N/A,N/A,1.5,3388.0,2.48,1.0,1.0,0.0,6414523.0,0.0,1618290.0,0.0,8032813.0,0.0,0.0,N/A,N/A,0,-163082.0,-932932.0,-211926.0,-500,0,-1308440.0,13.0,54.0,16.0,0.0,0.0,0,0,227961,3. Mixed,Hybrid
RX3,TEES ESK AND WEAR VALLEYS NHS FOUNDATION TRUST,NORTH EAST AND YORKSHIRE COMMISSIONING REGION,MENTAL HEALTH AND LEARNING DISABILITY,0,0,0,2,2,7,0,0,39,13.0,2.0,65.0,8,4,0.0,Yes,0.5,No,N/A,N/A,0.5,0.0,13.52,0.0,16.0,924782.0,5526637.0,4920466.0,513911.0,0.0,11885796.0,0.0,0.0,N/A,N/A,178624,0.0,0.0,0.0,0,0,178624.0,19.0,25.0,2.0,0.0,0.0,0,180931,233487,3. Mixed,Hybrid
RX4,CUMBRIA NORTHUMBERLAND TYNE AND WEAR NHS FOUNDATION TRUST,NORTH EAST AND YORKSHIRE COMMISSIONING REGION,MENTAL HEALTH AND LEARNING DISABILITY,0,0,0,12,0,3,0,0,78,8.0,3.0,104.0,47,8,23.0,No,1.0,Yes,53549,22.40,0.0,32897.0,11.96,558.66,10.0,238965.0,8501570.0,686082.0,763726.0,0.0,10190343.0,0.0,7.0,572530,34.45,0,705513.0,0.0,0.0,-126492,0,579021.0,25.0,303.0,10.0,0.0,0.0,0,67024,118939,3. Mixed,Internal
RX6,NORTH EAST AMBULANCE SERVICE NHS FOUNDATION TRUST,NORTH EAST AND YORKSHIRE COMMISSIONING REGION,AMBULANCE,N/A,N/A,N/A,N/A,N/A,N/A,N/A,N/A,N/A,57.0,0.0,57.0,N/A,N/A,0.0,Yes,0.5,No,N/A,N/A,1.0,1697.0,0.3,0.0,0.0,1081000.0,592000.0,98000.0,0.0,0.0,1771000.0,0.0,2.0,81065,14.80,N/A,123887.0,1497.0,0.0,N/A,N/A,125384.0,0.0,2.0,1.0,0.0,0.0,N/A,N/A,N/A,N/A,N/A
RX7,NORTH WEST AMBULANCE SERVICE NHS TRUST,NORTH WEST COMMISSIONING REGION,AMBULANCE,N/A,N/A,N/A,N/A,N/A,N/A,N/A,N/A,N/A,128.0,2.0,130.0,N/A,N/A,0.0,Yes,1.0,No,N/A,N/A,0.5,9842.0,2.47,0.0,2.0,1126781.0,2627915.0,1183406.0,0.0,0.0,4938102.0,0.0,0.0,N/A,N/A,N/A,-582362.0,0.0,0.0,N/A,N/A,-582362.0,1.0,2.0,0.0,0.0,0.0,N/A,N/A,N/A,N/A,N/A
RX8,YORKSHIRE AMBULANCE SERVICE NHS TRUST,NORTH EAST AND YORKSHIRE COMMISSIONING REGION,AMBULANCE,N/A,N/A,N/A,N/A,N/A,N/A,N/A,N/A,N/A,103.0,0.0,103.0,N/A,N/A,0.0,Yes,1.0,Yes,0,0.00,1.0,1849.0,1.82,0.0,0.0,0.0,1540000.0,1808000.0,568000.0,0.0,3916000.0,0.0,1.0,500000,0.00,N/A,0.0,0.0,0.0,N/A,N/A,0.0,0.0,0.0,0.0,0.0,0.0,N/A,N/A,N/A,N/A,N/A
RX9,EAST MIDLANDS AMBULANCE SERVICE NHS TRUST,MIDLANDS COMMISSIONING REGION,AMBULANCE,N/A,N/A,N/A,N/A,N/A,N/A,N/A,N/A,N/A,86.0,1.0,87.0,N/A,N/A,0.0,Yes,0.5,No,N/A,N/A,0.7,0.0,3.44,0.0,0.0,0.0,0.0,1218620.0,0.0,0.0,1218620.0,0.0,6.0,426686,28.00,N/A,0.0,0.0,-83207.0,N/A,N/A,-83207.0,0.0,0.0,0.0,0.0,0.0,N/A,N/A,N/A,N/A,N/A
RXA,CHESHIRE AND WIRRAL PARTNERSHIP NHS FOUNDATION TRUST,NORTH WEST COMMISSIONING REGION,MENTAL HEALTH AND LEARNING DISABILITY,0,0,0,6,2,0,0,0,33,6.0,2.0,49.0,17,6,12.0,Yes,0.0,No,N/A,N/A,0.0,0.0,3.47,0.0,8.0,0.0,5482191.0,607126.0,843960.0,0.0,6933277.0,0.0,1.0,56085,23.00,0,-19609.0,-65289.0,-3430.0,0,0,-88328.0,4.0,32.0,12.0,0.0,0.0,0,0,133968,3. Mixed,External
RXC,EAST SUSSEX HEALTHCARE NHS TRUST,SOUTH EAST COMMISSIONING REGION,ACUTE - LARGE,2,0,0,0,0,0,2,0,18,8.0,0.0,30.0,7,16,1.0,Yes,0.0,Yes,37336,6.40,1.0,1143.0,2.9,0.0,2.0,18240000.0,10639509.0,6705141.0,1684945.0,0.0,37269595.0,0.0,0.0,N/A,N/A,-333363,-4575092.0,-1973080.0,-191503.0,-876897,-122633,-8072568.0,2.0,285.0,139.0,0.0,0.0,0,1272265,951526,3. Mixed,Internal
RXE,ROTHERHAM DONCASTER AND SOUTH HUMBER NHS FOUNDATION TRUST,NORTH EAST AND YORKSHIRE COMMISSIONING REGION,MENTAL HEALTH AND LEARNING DISABILITY,0,0,5,1,0,0,0,2,26,7.0,1.0,42.0,25,6,0.0,No,0.4,No,N/A,N/A,0.4,0.0,8.6,0.0,4.0,0.0,5421262.0,310061.0,233341.0,0.0,5964664.0,0.0,1.0,111271,0.00,-191517,-520081.0,-564318.0,0.0,0,0,-1275916.0,6.0,18.0,4.0,0.0,0.0,0,0,59261,3. Mixed,Hybrid
RXF,MID YORKSHIRE TEACHING NHS TRUST,NORTH EAST AND YORKSHIRE COMMISSIONING REGION,ACUTE - TEACHING,3,0,0,0,0,0,0,0,18,28.0,0.0,49.0,0,11,0.0,Yes,1.0,No,N/A,N/A,0.0,23980.0,13.91,0.0,4.0,7594567.0,19190506.0,1749618.0,99698.0,0.0,28476108.0,158281.0,1.0,68981,0.00,-8748,-109805.0,-65227.0,-25089.0,-2156291,-1347465,-3712625.0,0.0,49.0,41.0,0.0,0.0,0,143527,79414,3. Mixed,Hybrid
RXG,SOUTH WEST YORKSHIRE PARTNERSHIP NHS FOUNDATION TRUST,NORTH EAST AND YORKSHIRE COMMISSIONING REGION,MENTAL HEALTH AND LEARNING DISABILITY,0,0,2,16,1,4,0,0,22,11.0,0.0,56.0,10,1,2.0,Yes,0.0,No,N/A,N/A,1.0,5500.0,4.6,0.0,4.0,0.0,1662160.0,2969980.0,14066.0,0.0,4646206.0,0.0,0.0,N/A,N/A,0,-311332.0,-84019.0,-43261.0,0,0,-438612.0,0.0,138.0,8.0,0.0,0.0,0,90770,88315,3. Mixed,Hybrid
RXK,SANDWELL AND WEST BIRMINGHAM HOSPITALS NHS TRUST,MIDLANDS COMMISSIONING REGION,ACUTE - LARGE,2,0,0,0,0,0,2,0,7,2.0,0.0,13.0,6,2,0.0,Yes,1.0,No,N/A,N/A,1.0,1697.0,2.38,0.0,0.0,44501106.0,17593814.0,3423465.0,920427.0,1932441.0,51911937.0,12594434.0,4.0,105156,129.20,0,-1036641.0,0.0,0.0,-493,-34,-1037168.0,7.0,0.0,127.0,0.0,0.0,0,289404,474050,3. Mixed,Hybrid
RXL,BLACKPOOL TEACHING HOSPITALS NHS FOUNDATION TRUST,NORTH WEST COMMISSIONING REGION,ACUTE - TEACHING,1,0,0,0,0,0,1,0,347,5.0,0.0,354.0,324,17,309.0,Yes,1.0,No,N/A,N/A,1.73,1215.0,16.2,140.0,3.0,10993523.0,1562647.0,5325836.0,600440.0,0.0,18067446.0,415000.0,1.0,143000,280.47,-492453,-1446970.0,-113632.0,0.0,-1221025,-596522,-3870602.0,3.0,124.0,10.0,0.0,0.0,0,3398689,42271,3. Mixed,Internal
RXM,DERBYSHIRE HEALTHCARE NHS FOUNDATION TRUST,MIDLANDS COMMISSIONING REGION,MENTAL HEALTH AND LEARNING DISABILITY,0,0,2,1,0,0,0,0,23,0.0,0.0,26.0,2,4,0.0,Yes,0.0,No,N/A,N/A,1.0,9115.0,3.6,0.0,0.0,0.0,293925.0,190825.0,0.0,0.0,484750.0,0.0,0.0,N/A,N/A,0,0.0,0.0,0.0,0,0,0.0,2.0,43.0,23.0,0.0,0.0,0,0,83343,3. Mixed,Internal
RXN,LANCASHIRE TEACHING HOSPITALS NHS FOUNDATION TRUST,NORTH WEST COMMISSIONING REGION,ACUTE - TEACHING,2,0,0,0,0,0,0,0,2,0.0,0.0,4.0,0,0,0.0,Yes,1.0,Yes,36913,17.00,1.0,5662.0,21.0,0.0,2.0,7067128.0,9940964.0,6304920.0,4883151.0,0.0,28196163.0,0.0,5.0,984878,500.00,-94599,-423672.0,-1543651.0,0.0,-2228987,-747645,-5038554.0,6.0,87.0,217.0,0.0,0.0,0,2297300,22806,3. Mixed,Internal
RXP,COUNTY DURHAM AND DARLINGTON NHS FOUNDATION TRUST,NORTH EAST AND YORKSHIRE COMMISSIONING REGION,ACUTE - MULTI-SERVICE,2,0,0,0,0,0,6,0,50,11.0,0.0,69.0,34,20,33.0,Yes,1.0,Yes,17570,6.68,1.0,6851.0,8.82,575.0,3.0,2643267.0,5758992.0,5614149.0,2645944.0,5614149.0,11048203.0,0.0,0.0,N/A,N/A,-183552,-2988.0,0.0,0.0,-305552,-94711,-586803.0,1.0,81.0,8.0,0.0,0.0,0,0,489843,3. Mixed,Hybrid
RXQ,BUCKINGHAMSHIRE HEALTHCARE NHS TRUST,SOUTH EAST COMMISSIONING REGION,ACUTE - MULTI-SERVICE,2,0,1,0,0,0,1,0,8,2.0,1.0,15.0,2,0,0.0,Yes,1.0,No,N/A,N/A,1.0,0.0,0.0,0.0,0.0,17454707.0,6955269.0,2136160.0,8628247.0,0.0,35174383.0,0.0,1.0,5231675,0.00,244216,1871605.0,202964.0,0.0,0,0,2318785.0,4.0,68.0,3.0,0.0,0.0,0,0,0,1. Paper,Internal
RXR,EAST LANCASHIRE HOSPITALS NHS TRUST,NORTH WEST COMMISSIONING REGION,ACUTE - LARGE,2,0,0,0,0,0,2,0,19,9.0,0.0,32.0,0,10,0.0,Yes,0.5,Yes,107099,41.39,0.5,7200.0,7.86,0.0,7.0,0.0,15135244.0,10110856.0,28919.0,10110856.0,14991581.0,172582.0,1.0,0,0.00,0,-2301493.0,-736167.0,-13398.0,0,-835142,-3886200.0,3.0,94.0,117.0,0.0,0.0,0,2160422,543780,3. Mixed,Hybrid
RXT,BIRMINGHAM AND SOLIHULL MENTAL HEALTH NHS FOUNDATION TRUST,MIDLANDS COMMISSIONING REGION,MENTAL HEALTH AND LEARNING DISABILITY,0,0,0,21,0,0,0,0,16,5.0,4.0,46.0,1,2,16.0,Yes,0.5,Yes,150000,4.00,0.12,31450.0,27.1,299.17,4.0,1498261.0,3289185.0,1683008.0,183014.0,0.0,6653468.0,0.0,0.0,N/A,N/A,0,0.0,0.0,0.0,0,0,0.0,12.0,95.0,5.0,0.0,0.0,0,631430,181956,3. Mixed,Internal
RXV,GREATER MANCHESTER MENTAL HEALTH NHS FOUNDATION TRUST,NORTH WEST COMMISSIONING REGION,MENTAL HEALTH AND LEARNING DISABILITY,0,0,0,11,0,0,0,0,54,17.0,2.0,84.0,31,13,4.0,Yes,1.0,No,N/A,N/A,0.5,10948.0,5.6,0.0,0.0,62542299.0,7036779.0,2819953.0,1689602.0,0.0,74088633.0,0.0,1.0,50548,22.70,0,-750557.0,0.0,-216354.0,-100565,-224430,-1291906.0,93.0,239.0,79.0,0.0,4.0,0,0,160649,3. Mixed,Internal
RXW,SHREWSBURY AND TELFORD HOSPITAL NHS TRUST,MIDLANDS COMMISSIONING REGION,ACUTE - MEDIUM,2,0,0,0,0,0,0,0,11,4.0,0.0,17.0,5,6,1.0,Yes,0.5,Yes,52740,26.30,0.5,33782.0,31.87,0.0,7.0,42211761.0,17301114.0,3460384.0,0.0,0.0,62763797.0,209462.0,3.0,429966,200.00,0,0.0,-43528.0,-3100.0,-1094773,0,-1141401.0,4.0,41.0,58.0,0.0,0.0,0,896441,243533,1. Paper,Hybrid
RXX,SURREY AND BORDERS PARTNERSHIP NHS FOUNDATION TRUST,SOUTH EAST COMMISSIONING REGION,MENTAL HEALTH AND LEARNING DISABILITY,0,0,0,3,4,0,0,1,10,2.0,1.0,21.0,2,4,1.0,Yes,0.3,No,N/A,N/A,0.3,0.0,0.0,0.0,2.0,10731973.0,4990383.0,0.0,519658.0,0.0,16242014.0,0.0,1.0,0,0.00,0,0.0,0.0,0.0,0,0,0.0,0.0,0.0,2.0,0.0,0.0,0,0,60000,3. Mixed,Internal
RXY,KENT AND MEDWAY NHS AND SOCIAL CARE PARTNERSHIP TRUST,SOUTH EAST COMMISSIONING REGION,MENTAL HEALTH AND LEARNING DISABILITY,0,0,0,13,0,0,0,0,18,2.0,0.0,33.0,2,2,0.0,Yes,1.0,Yes,13145,4.56,1.0,16802.0,16.58,0.0,0.0,6150000.0,3647000.0,63000.0,0.0,0.0,9860000.0,0.0,0.0,N/A,N/A,0,-613049.0,-1139704.0,-286873.0,0,0,-2039626.0,1.0,205.0,0.0,0.0,0.0,0,129846,137071,3. Mixed,Hybrid
RY2,BRIDGEWATER COMMUNITY HEALTHCARE NHS FOUNDATION TRUST,NORTH WEST COMMISSIONING REGION,COMMUNITY,0,0,0,0,0,0,0,0,56,3.0,1.0,60.0,13,16,13.0,Yes,0.0,Yes,0,0.00,0.0,0.0,0.0,0.0,0.0,0.0,514699.0,425752.0,0.0,0.0,940451.0,0.0,2.0,150000,21.00,0,0.0,-2352.0,0.0,0,0,-2352.0,0.0,9.0,0.0,0.0,0.0,0,0,63360,3. Mixed,Hybrid
RY3,NORFOLK COMMUNITY HEALTH AND CARE NHS TRUST,EAST OF ENGLAND COMMISSIONING REGION,COMMUNITY,0,0,0,0,2,0,7,3,28,5.0,0.0,45.0,7,2,0.0,No,0.33,Yes,22953,10.40,0.8,1875.0,3.35,0.0,0.0,27992000.0,806000.0,2188000.0,144000.0,0.0,24356000.0,6774000.0,1.0,346000,6.37,-2305,-256021.0,0.0,0.0,-155229,0,-413555.0,0.0,2.0,8.0,0.0,0.0,0,497,13698,3. Mixed,Hybrid
RY4,HERTFORDSHIRE COMMUNITY NHS TRUST,EAST OF ENGLAND COMMISSIONING REGION,COMMUNITY,0,0,2,0,0,0,4,0,25,3.0,0.0,34.0,0,5,0.0,Yes,1.0,No,N/A,N/A,0.1,0.0,0.0,0.0,0.0,0.0,524689.0,513604.0,0.0,0.0,1038293.0,0.0,9.0,186841,17.40,0,0.0,0.0,0.0,0,0,0.0,0.0,11.0,5.0,0.0,0.0,0,0,41000,3. Mixed,External
RY5,LINCOLNSHIRE COMMUNITY HEALTH SERVICES NHS TRUST,MIDLANDS COMMISSIONING REGION,COMMUNITY,0,0,0,0,0,0,4,1,31,5.0,1.0,42.0,18,15,2.0,No,1.0,No,N/A,N/A,0.0,0.0,0.0,0.0,0.0,0.0,231000.0,64000.0,48000.0,0.0,343000.0,0.0,0.0,N/A,N/A,0,0.0,0.0,0.0,0,0,0.0,0.0,0.0,0.0,0.0,0.0,0,0,13163,3. Mixed,Hybrid
RY6,LEEDS COMMUNITY HEALTHCARE NHS TRUST,NORTH EAST AND YORKSHIRE COMMISSIONING REGION,COMMUNITY,0,0,0,0,0,0,0,1,30,1.0,2.0,34.0,0,2,0.0,Yes,0.0,No,N/A,N/A,1.0,0.0,1.49,5.0,0.0,0.0,1335716.0,264850.0,198470.0,0.0,1799036.0,0.0,0.0,N/A,N/A,26752,828291.0,133425.0,0.0,0,0,988468.0,1.0,0.0,2.0,0.0,0.0,0,101542,0,3. Mixed,Hybrid
RY7,WIRRAL COMMUNITY HEALTH AND CARE NHS FOUNDATION TRUST,NORTH WEST COMMISSIONING REGION,COMMUNITY,0,0,0,0,0,0,0,1,10,0.0,0.0,11.0,0,4,0.0,Yes,0.0,No,N/A,N/A,0.0,0.0,0.0,0.0,0.0,245833.0,76618.0,122962.0,0.0,0.0,445413.0,0.0,0.0,N/A,N/A,-17250,0.0,0.0,0.0,0,0,-17250.0,1.0,1.0,0.0,0.0,0.0,0,0,46755,3. Mixed,Hybrid
RY8,DERBYSHIRE COMMUNITY HEALTH SERVICES NHS FOUNDATION TRUST,MIDLANDS COMMISSIONING REGION,COMMUNITY,0,0,0,0,3,0,7,2,33,0.0,2.0,47.0,7,6,0.0,Yes,0.4,Yes,23836,10.49,0.4,7060.0,26.42,0.0,2.0,10377300.0,3779000.0,1235000.0,137000.0,0.0,15528300.0,0.0,0.0,N/A,N/A,-49902,-712825.0,-2554673.0,0.0,0,0,-3317400.0,0.0,11.0,13.0,0.0,0.0,0,750428,94668,3. Mixed,Hybrid
RY9,HOUNSLOW AND RICHMOND COMMUNITY HEALTHCARE NHS TRUST,LONDON COMMISSIONING REGION,COMMUNITY,0,0,0,0,0,0,1,0,19,1.0,0.0,21.0,12,4,0.0,No,0.3,No,N/A,N/A,0.3,1480.0,2.15,0.0,0.0,0.0,398140.0,159256.0,238884.0,0.0,796280.0,0.0,0.0,N/A,N/A,0,0.0,0.0,0.0,0,0,0.0,0.0,2.0,1.0,0.0,0.0,0,47496,21370,3. Mixed,Hybrid
RYA,WEST MIDLANDS AMBULANCE SERVICE UNIVERSITY NHS FOUNDATION TRUST,MIDLANDS COMMISSIONING REGION,AMBULANCE,N/A,N/A,N/A,N/A,N/A,N/A,N/A,N/A,N/A,31.0,0.0,31.0,N/A,N/A,0.0,Yes,1.0,Yes,0,0.07,1.0,0.0,7.54,5.0,0.0,0.0,878736.0,0.0,256268.0,0.0,1135004.0,0.0,0.0,N/A,N/A,N/A,0.0,0.0,0.0,N/A,N/A,0.0,0.0,4.0,1.0,0.0,0.0,N/A,N/A,N/A,N/A,N/A
RYC,EAST OF ENGLAND AMBULANCE SERVICE NHS TRUST,EAST OF ENGLAND COMMISSIONING REGION,AMBULANCE,N/A,N/A,N/A,N/A,N/A,N/A,N/A,N/A,N/A,136.0,3.0,139.0,N/A,N/A,0.0,No,0.25,No,N/A,N/A,0.25,8881.0,1.01,0.0,0.0,1362798.0,3373489.0,387786.0,943500.0,0.0,6067573.0,0.0,26.0,1182000,207.40,N/A,87809.0,0.0,0.0,N/A,N/A,87809.0,0.0,10.0,4.0,0.0,0.0,N/A,N/A,N/A,N/A,N/A
RYD,SOUTH EAST COAST AMBULANCE SERVICE NHS FOUNDATION TRUST,SOUTH EAST COMMISSIONING REGION,AMBULANCE,N/A,N/A,N/A,N/A,N/A,N/A,N/A,N/A,N/A,109.0,0.0,109.0,N/A,N/A,0.0,Yes,0.0,No,N/A,N/A,0.0,8240.0,1.54,8.0,0.0,2268261.0,423785.0,654696.0,323144.0,0.0,3669886.0,0.0,0.0,N/A,N/A,N/A,0.0,0.0,0.0,N/A,N/A,0.0,0.0,0.0,0.0,0.0,0.0,N/A,N/A,N/A,N/A,N/A
RYE,SOUTH CENTRAL AMBULANCE SERVICE NHS FOUNDATION TRUST,SOUTH EAST COMMISSIONING REGION,AMBULANCE,N/A,N/A,N/A,N/A,N/A,N/A,N/A,N/A,N/A,106.0,12.0,118.0,N/A,N/A,1.0,Yes,1.0,No,N/A,N/A,0.0,6519.0,1.79,10.0,0.0,0.0,3942000.0,407000.0,355000.0,4704000.0,0.0,0.0,1.0,340,184.00,N/A,-105079.0,-12748.0,0.0,N/A,N/A,-117827.0,0.0,0.0,0.0,0.0,0.0,N/A,N/A,N/A,N/A,N/A
RYF,SOUTH WESTERN AMBULANCE SERVICE NHS FOUNDATION TRUST,SOUTH WEST COMMISSIONING REGION,AMBULANCE,N/A,N/A,N/A,N/A,N/A,N/A,N/A,N/A,N/A,137.0,0.0,137.0,N/A,N/A,1.0,No,0.1,Yes,4503,0.62,0.15,700.0,0.7,0.0,0.0,1957648.0,607132.0,512463.0,45031.0,0.0,3122274.0,0.0,1.0,10581,0.00,N/A,0.0,0.0,0.0,N/A,N/A,0.0,3.0,1.0,0.0,0.0,0.0,N/A,N/A,N/A,N/A,N/A
RYG,COVENTRY AND WARWICKSHIRE PARTNERSHIP NHS TRUST,MIDLANDS COMMISSIONING REGION,MENTAL HEALTH AND LEARNING DISABILITY,0,0,1,9,10,5,0,0,12,10.0,5.0,52.0,2,11,38.0,Yes,0.0,Yes,0,0.00,0.5,216.0,1.02,0.0,2.0,231125.0,8241431.0,0.0,1765699.0,0.0,10238255.0,0.0,1.0,150000,120.00,0,0.0,0.0,0.0,0,0,0.0,5.0,92.0,13.0,0.0,0.0,0,0,156500,3. Mixed,Hybrid
RYJ,IMPERIAL COLLEGE HEALTHCARE NHS TRUST,LONDON COMMISSIONING REGION,ACUTE - TEACHING,3,2,0,0,0,0,0,0,4,0.0,1.0,10.0,0,0,0.0,Yes,1.0,No,N/A,N/A,0.0,5215.0,3.12,0.0,0.0,10976762.0,50381854.0,40598.0,13558724.0,0.0,70453101.0,4504837.0,13.0,1787761,1044.50,-718225,-4456518.0,-96330.0,0.0,-716064,-808445,-6795582.0,5.0,314.0,2.0,0.0,0.0,0,925434,745205,3. Mixed,Hybrid
RYR,UNIVERSITY HOSPITALS SUSSEX NHS FOUNDATION TRUST,SOUTH EAST COMMISSIONING REGION,ACUTE - TEACHING,4,1,1,0,0,0,0,0,12,10.0,1.0,29.0,6,7,0.0,Yes,0.25,No,N/A,N/A,1.5,22526.0,19.73,0.0,15.0,12977167.0,27684784.0,4616392.0,409000.0,0.0,45687343.0,0.0,0.0,N/A,N/A,-892473,-2344762.0,-326148.0,0.0,-1383685,-2554756,-7501824.0,0.0,296.0,241.0,0.0,0.0,0,2280255,3200340,3. Mixed,Hybrid
RYV,CAMBRIDGESHIRE COMMUNITY SERVICES NHS TRUST,EAST OF ENGLAND COMMISSIONING REGION,COMMUNITY,0,0,0,0,0,0,0,0,56,3.0,3.0,62.0,0,16,0.0,Yes,0.1,No,N/A,N/A,0.1,0.0,0.1,0.0,0.0,5660760.0,18124203.0,0.0,0.0,0.0,23784963.0,0.0,0.0,N/A,N/A,0,0.0,0.0,0.0,0,0,0.0,0.0,26.0,1.0,0.0,0.0,0,16019,140990,3. Mixed,Hybrid
RYW,BIRMINGHAM COMMUNITY HEALTHCARE NHS FOUNDATION TRUST,MIDLANDS COMMISSIONING REGION,COMMUNITY,0,1,0,0,4,0,2,4,314,6.0,1.0,332.0,0,12,233.0,Yes,1.0,No,N/A,N/A,1.0,2900.0,30.0,0.0,0.0,0.0,1454901.0,2400026.0,0.0,0.0,3854927.0,0.0,0.0,N/A,N/A,0,-1233012.0,-195101.0,0.0,-141939,-41984,-1612036.0,2.0,26.0,0.0,0.0,0.0,0,0,0,3. Mixed,Internal
RYX,CENTRAL LONDON COMMUNITY HEALTHCARE NHS TRUST,LONDON COMMISSIONING REGION,COMMUNITY,0,0,3,0,0,0,3,5,269,6.0,1.0,287.0,226,25,226.0,Yes,0.0,No,N/A,N/A,0.0,0.0,0.0,0.0,0.0,0.0,5856500.0,427500.0,0.0,0.0,6284000.0,0.0,3.0,466083,104.00,0,-1273745.0,-570687.0,0.0,0,0,-1844432.0,1.0,8.0,9.0,0.0,0.0,0,259800,21457,3. Mixed,Hybrid
RYY,KENT COMMUNITY HEALTH NHS FOUNDATION TRUST,SOUTH EAST COMMISSIONING REGION,COMMUNITY,0,0,0,0,0,0,8,5,47,17.0,1.0,78.0,24,26,0.0,No,1.0,No,N/A,N/A,1.0,3183.0,8.83,0.0,2.0,0.0,254971.0,826262.0,188452.0,0.0,1269685.0,0.0,1.0,137841,0.00,0,-318483.0,-1236311.0,0.0,0,0,-1554794.0,1.0,4.0,2.0,0.0,0.0,0,0,85212,3. Mixed,Internal
TAD,BRADFORD DISTRICT CARE NHS FOUNDATION TRUST,NORTH EAST AND YORKSHIRE COMMISSIONING REGION,CARE TRUST,0,0,1,1,1,0,0,0,54,2.0,0.0,59.0,32,14,0.0,Yes,1.25,Yes,117000,41.00,1.25,864.0,4.3,0.0,5.0,2322774.0,1823451.0,521324.0,129051.0,0.0,4796600.0,0.0,0.0,N/A,N/A,0,0.0,0.0,0.0,0,0,0.0,5.0,41.0,1.0,0.0,1.0,0,81427,74209,3. Mixed,Hybrid
TAF,CAMDEN AND ISLINGTON NHS FOUNDATION TRUST,LONDON COMMISSIONING REGION,CARE TRUST,0,0,1,8,0,0,0,0,17,1.0,0.0,27.0,0,2,0.0,No,0.0,No,N/A,N/A,0.0,545.0,0.1,0.0,0.0,39907094.0,5859090.0,854092.0,1559113.0,0.0,48179389.0,0.0,0.0,N/A,N/A,0,0.0,0.0,0.0,0,0,0.0,2.0,12.0,5.0,0.0,0.0,0,35632,59413,3. Mixed,External
TAH,SHEFFIELD HEALTH AND SOCIAL CARE NHS FOUNDATION TRUST,NORTH EAST AND YORKSHIRE COMMISSIONING REGION,CARE TRUST,0,0,4,2,1,0,0,0,10,5.0,2.0,24.0,0,0,0.0,Yes,0.15,Yes,5934,3.23,1.0,6715.0,4.51,0.0,0.0,0.0,5839000.0,1147000.0,170000.0,0.0,7156000.0,0.0,0.0,N/A,N/A,0,0.0,0.0,0.0,0,0,0.0,1.0,115.0,1.0,0.0,0.0,0,0,0,2. Electronic,External
TAJ,BLACK COUNTRY HEALTHCARE NHS FOUNDATION TRUST,MIDLANDS COMMISSIONING REGION,MENTAL HEALTH AND LEARNING DISABILITY,0,0,2,9,1,2,0,0,32,48.0,2.0,96.0,54,19,47.0,Yes,0.0,Yes,1724,51.59,1.0,0.0,4.76,0.0,0.0,0.0,37578236.0,227475.0,309965.0,0.0,38115676.0,0.0,0.0,N/A,N/A,0,0.0,125674.0,0.0,0,0,125674.0,12.0,22.0,0.0,0.0,1.0,0,330800,128901,3. Mixed,Internal
,,,,,,,,,,,,,,,,,,,,,,,,,,,,,,,,,,,,,,,,,,,,,,,,,,,,,,,
